username,followers,,,,,,,,,
Ablion73,Feck1968,Myseat,Calasts53,Arman1992,Witive,Suchown,Locies,Witive,Hadet1965,Winglersen1989,alexabarra
Winglersen1989,Suchown,Usithed66,Cathery,Kning1982,Thdow1971,Calasts53,Facepow,Trumsess1943,Facepow,Marknow
Thithe,Arman1992,Milloon,Swentorme1935,Whimseeplis,Horgy1990,Weaught,Horgy1990,Sequith,Locies,Carther1949
Wrove1935,Sone1983,Bods1940,Sequith,Weververnly,Whatithas,Careekeres,Suchown,Whatithas,Crinsonast1984,Thetting
Kning1982,Feck1968,Ristraid,Winglersen1989,Calasts53,Dideas85,Calasts53,Whatithas,Goiderearsur,Witive,Goiderearsur
Whimseeplis,Hadet1965,Weververnly,Bods1940,Careekeres,Crinsonast1984,Careekeres,Whimseeplis,Trumsess1943,Thetting,Swentorme1935
Locies,Ablion73,Calasts53,Suchown,Kning1982,Goiderearsur,Weaught,Suchown,Weververnly,Wilegire1937,Somprood
Somprood,Ablion73,Kning1982,Myseat,Sone1983,Winglersen1989,Facepow,Weververnly,Whimseeplis,Milloon,Hiserus
Giarturner,Drand1943,Drand1943,Kning1982,Ablion73,Usithed66,Thetting,Myseat,Weaught,Drand1943,Theyear
Drand1943,Thetting,Ristraid,Theyear,Slogummid,alexabarra,Bods1940,alexabarra,Feck1968,Hadet1965,Milloon
Theyear,Feck1968,Carther1949,Cathery,Crinsonast1984,Horgy1990,Hurs1997,Sups1944,Thithe,Hiserus,Swentorme1935
Witive,Suchown,Suchown,Wilegire1937,Weaught,Witive,Ristraid,Thetting,Dideas85,Crinsonast1984,Wrove1935
Ristraid,Weaught,Somprood,Wrove1935,Suchown,Careekeres,Thensted,Thetting,Whimseeplis,Thetting,Usithed66
Dideas85,Hadet1965,Weververnly,Bods1940,Wrove1935,Winglersen1989,Swentorme1935,Wrove1935,Weververnly,Myseat,Sone1983
Milloon,Dideas85,Myseat,Cathery,Thensted,Hadet1965,Ablion73,Somprood,Whatithas,Wilegire1937,Crinsonast1984
Calasts53,Swentorme1935,Weververnly,Hadet1965,Hurs1997,Ristraid,Hurs1997,Thetting,Weververnly,Locies,Usithed66
Usithed66,Arman1992,Hiserus,Hiserus,Facepow,Whatithas,Cathery,Somprood,Usithed66,Sups1944,Bods1940
Marknow,Carther1949,Trumsess1943,Thithe,alexabarra,Slogummid,Ristraid,Milloon,Crinsonast1984,Crinsonast1984,alexabarra
Feck1968,Cathery,Wilegire1937,Marknow,Facepow,Sups1944,Whimseeplis,Giarturner,Locies,Drand1943,Sone1983
Suchown,Arman1992,Somprood,Drand1943,Thensted,Thensted,Facepow,Thdow1971,Cathery,Wilegire1937,Sups1944
Thensted,Horgy1990,Drand1943,Locies,Milloon,Milloon,Cathery,Whatithas,Weaught,Sups1944,Locies
Crinsonast1984,Crinsonast1984,Thdow1971,Ristraid,Carther1949,Marknow,Horgy1990,alexabarra,Crinsonast1984,Hadet1965,Carther1949
Weaught,Arman1992,Milloon,Myseat,Togand,Gaveressake,Swentorme1935,Thensted,Hurs1997,Winglersen1989,Thetting
Weververnly,Kning1982,Crinsonast1984,Thensted,Winglersen1989,Whatithas,Bods1940,Hadet1965,Togand,Kning1982,Witive
Trumsess1943,Sups1944,Weaught,Hurs1997,Sequith,Thensted,Weververnly,Crinsonast1984,Wrove1935,Hiserus,Horgy1990
Bods1940,Hadet1965,Somprood,Goiderearsur,Wilegire1937,Winglersen1989,Winglersen1989,Goiderearsur,Cathery,Somprood,Sequith
Facepow,Drand1943,Whatithas,Whatithas,Thithe,Togand,Careekeres,Weververnly,Thdow1971,Thdow1971,Giarturner
Gaveressake,Crinsonast1984,Marknow,Goiderearsur,Sequith,Bods1940,Swentorme1935,Whatithas,Sone1983,Kning1982,Careekeres
Careekeres,Milloon,Thdow1971,Thensted,Dideas85,Weaught,Whimseeplis,Locies,Bods1940,Weaught,Ristraid
Togand,Somprood,Weaught,Careekeres,Thdow1971,Weververnly,Usithed66,Crinsonast1984,Hiserus,Thensted,Cathery
Hadet1965,Winglersen1989,Thithe,Wrove1935,Drand1943,Cathery,Bods1940,Wrove1935,Thithe,Slogummid,Gaveressake
Carther1949,Weaught,Feck1968,Whimseeplis,Ablion73,Crinsonast1984,Milloon,Sups1944,Witive,alexabarra,Suchown
Hiserus,Carther1949,Facepow,Carther1949,Thensted,Sequith,Winglersen1989,Thithe,Sone1983,Cathery,Usithed66
Swentorme1935,Sequith,Sone1983,Arman1992,Cathery,Winglersen1989,Giarturner,Usithed66,Dideas85,Slogummid,Sups1944
Cathery,Sone1983,Usithed66,Sups1944,Sequith,Dideas85,Giarturner,Theyear,Weververnly,Thithe,Calasts53
Sups1944,Carther1949,Thithe,Locies,Weververnly,Togand,Kning1982,Myseat,Togand,Hiserus,Whimseeplis
Wilegire1937,Dideas85,Arman1992,Horgy1990,Usithed66,Ristraid,Suchown,Whatithas,Somprood,Whatithas,Cathery
Thetting,Ablion73,Slogummid,Ristraid,Togand,Hiserus,Winglersen1989,Theyear,Somprood,Togand,Sone1983
Hurs1997,Trumsess1943,Gaveressake,Thensted,Calasts53,Sups1944,Swentorme1935,Somprood,Calasts53,Witive,Swentorme1935
Goiderearsur,Marknow,Suchown,Milloon,Ristraid,Arman1992,Usithed66,Cathery,Crinsonast1984,Wilegire1937,Thensted
Thdow1971,Somprood,Hadet1965,Hadet1965,Togand,Winglersen1989,Whatithas,Wrove1935,Hurs1997,Wrove1935,Thetting
Horgy1990,Witive,Suchown,Ablion73,Crinsonast1984,Calasts53,Thdow1971,Winglersen1989,Suchown,Sups1944,Ablion73
Sequith,Feck1968,Thdow1971,Hadet1965,Thensted,Hurs1997,Cathery,Marknow,Giarturner,Suchown,Giarturner
Myseat,Gaveressake,Sequith,Myseat,Careekeres,Swentorme1935,Giarturner,Cathery,Hadet1965,Kning1982,Suchown
Slogummid,Togand,Thithe,Thdow1971,Weververnly,Careekeres,Sone1983,Trumsess1943,Kning1982,Ablion73,Hadet1965
Sone1983,Thithe,Hadet1965,Theyear,Hiserus,Myseat,Carther1949,Whatithas,Myseat,Marknow,Arman1992
Whatithas,Togand,Marknow,Togand,Somprood,Somprood,Careekeres,Theyear,Suchown,Careekeres,Weververnly
Arman1992,Cathery,Hadet1965,Wrove1935,Thdow1971,Thetting,Kning1982,Weaught,Drand1943,Facepow,Hurs1997
alexabarra,Milloon,Arman1992,Winglersen1989,Witive,Calasts53,Whatithas,Wrove1935,Hadet1965,Thetting,Marknow,Giarturner
