ID,user,image,caption,likes,time,comments
1,Ablion73,img(1).jpg,Random caption1,0,Mar-14-2021
2,Ablion73,img(2).jpg,Random caption2,0,Mar-14-2021
3,Ablion73,img(3).jpg,Random caption3,0,Mar-14-2021
4,Ablion73,img(4).jpg,Random caption4,0,Mar-14-2021
5,Ablion73,img(5).jpg,Random caption5,0,Mar-14-2021
6,Winglersen1989,img(6).jpg,Random caption6,0,Mar-14-2021
7,Winglersen1989,img(7).jpg,Random caption7,0,Mar-14-2021
8,Winglersen1989,img(8).jpg,Random caption8,0,Mar-14-2021
9,Winglersen1989,img(9).jpg,Random caption9,0,Mar-14-2021
10,Winglersen1989,img(10).jpg,Random caption10,0,Mar-14-2021
11,Thithe,img(11).jpg,Random caption11,0,Mar-14-2021
12,Thithe,img(12).jpg,Random caption12,0,Mar-14-2021
13,Thithe,img(13).jpg,Random caption13,0,Mar-14-2021
14,Thithe,img(14).jpg,Random caption14,0,Mar-14-2021
15,Thithe,img(15).jpg,Random caption15,0,Mar-14-2021
16,Wrove1935,img(16).jpg,Random caption16,0,Mar-14-2021
17,Wrove1935,img(17).jpg,Random caption17,0,Mar-14-2021
18,Wrove1935,img(18).jpg,Random caption18,0,Mar-14-2021
19,Wrove1935,img(19).jpg,Random caption19,0,Mar-14-2021
20,Wrove1935,img(20).jpg,Random caption20,9,Mar-14-2021
21,Kning1982,img(21).jpg,Random caption21,0,Mar-14-2021
22,Kning1982,img(22).jpg,Random caption22,0,Mar-14-2021
23,Kning1982,img(23).jpg,Random caption23,0,Mar-14-2021
24,Kning1982,img(24).jpg,Random caption24,0,Mar-14-2021
25,Kning1982,img(25).jpg,Random caption25,0,Mar-14-2021
26,Whimseeplis,img(26).jpg,Random caption26,0,Mar-14-2021
27,Whimseeplis,img(27).jpg,Random caption27,0,Mar-14-2021
28,Whimseeplis,img(28).jpg,Random caption28,0,Mar-14-2021
29,Whimseeplis,img(29).jpg,Random caption29,0,Mar-14-2021
30,Whimseeplis,img(30).jpg,Random caption30,0,Mar-14-2021
31,Locies,img(31).jpg,Random caption31,0,Mar-14-2021
32,Locies,img(32).jpg,Random caption32,0,Mar-14-2021
33,Locies,img(33).jpg,Random caption33,0,Mar-14-2021
34,Locies,img(34).jpg,Random caption34,0,Mar-14-2021
35,Locies,img(35).jpg,Random caption35,0,Mar-14-2021
36,Somprood,img(36).jpg,Random caption36,0,Mar-14-2021
37,Somprood,img(37).jpg,Random caption37,0,Mar-14-2021
38,Somprood,img(38).jpg,Random caption38,0,Mar-14-2021
39,Somprood,img(39).jpg,Random caption39,0,Mar-14-2021
40,Somprood,img(40).jpg,Random caption40,0,Mar-14-2021
41,Giarturner,img(41).jpg,Random caption41,2,Mar-14-2021
42,Giarturner,img(42).jpg,Random caption42,2,Mar-14-2021
43,Giarturner,img(43).jpg,Random caption43,5,Mar-14-2021
44,Giarturner,img(44).jpg,Random caption44,0,Mar-14-2021
45,Giarturner,img(45).jpg,Random caption45,4,Mar-14-2021
46,Drand1943,img(46).jpg,Random caption46,0,Mar-14-2021
47,Drand1943,img(47).jpg,Random caption47,0,Mar-14-2021
48,Drand1943,img(48).jpg,Random caption48,0,Mar-14-2021
49,Drand1943,img(49).jpg,Random caption49,0,Mar-14-2021
50,Drand1943,img(50).jpg,Random caption50,0,Mar-14-2021
51,Theyear,img(51).jpg,Random caption51,0,Mar-14-2021
52,Theyear,img(52).jpg,Random caption52,0,Mar-14-2021
53,Theyear,img(53).jpg,Random caption53,0,Mar-14-2021
54,Theyear,img(54).jpg,Random caption54,0,Mar-14-2021
55,Theyear,img(55).jpg,Random caption55,0,Mar-14-2021
56,Witive,img(56).jpg,Random caption56,0,Mar-14-2021
57,Witive,img(57).jpg,Random caption57,0,Mar-14-2021
58,Witive,img(58).jpg,Random caption58,0,Mar-14-2021
59,Witive,img(59).jpg,Random caption59,0,Mar-14-2021
60,Witive,img(60).jpg,Random caption60,0,Mar-14-2021
61,Ristraid,img(61).jpg,Random caption61,0,Mar-14-2021
62,Ristraid,img(62).jpg,Random caption62,0,Mar-14-2021
63,Ristraid,img(63).jpg,Random caption63,0,Mar-14-2021
64,Ristraid,img(64).jpg,Random caption64,0,Mar-14-2021
65,Ristraid,img(65).jpg,Random caption65,0,Mar-14-2021
66,Dideas85,img(66).jpg,Random caption66,0,Mar-14-2021
67,Dideas85,img(67).jpg,Random caption67,0,Mar-14-2021
68,Dideas85,img(68).jpg,Random caption68,0,Mar-14-2021
69,Dideas85,img(69).jpg,Random caption69,0,Mar-14-2021
70,Dideas85,img(70).jpg,Random caption70,0,Mar-14-2021
71,Milloon,img(71).jpg,Random caption71,1,Mar-14-2021
72,Milloon,img(72).jpg,Random caption72,2,Mar-14-2021
73,Milloon,img(73).jpg,Random caption73,0,Mar-14-2021
74,Milloon,img(74).jpg,Random caption74,0,Mar-14-2021
75,Milloon,img(75).jpg,Random caption75,0,Mar-14-2021
76,Calasts53,img(76).jpg,Random caption76,0,Mar-14-2021
77,Calasts53,img(77).jpg,Random caption77,0,Mar-14-2021
78,Calasts53,img(78).jpg,Random caption78,0,Mar-14-2021
79,Calasts53,img(79).jpg,Random caption79,0,Mar-14-2021
80,Calasts53,img(80).jpg,Random caption80,0,Mar-14-2021
81,Usithed66,img(81).jpg,Random caption81,0,Mar-14-2021
82,Usithed66,img(82).jpg,Random caption82,0,Mar-14-2021
83,Usithed66,img(83).jpg,Random caption83,0,Mar-14-2021
84,Usithed66,img(84).jpg,Random caption84,0,Mar-14-2021
85,Usithed66,img(85).jpg,Random caption85,0,Mar-14-2021
86,Marknow,img(86).jpg,Random caption86,0,Mar-14-2021
87,Marknow,img(87).jpg,Random caption87,0,Mar-14-2021
88,Marknow,img(88).jpg,Random caption88,0,Mar-14-2021
89,Marknow,img(89).jpg,Random caption89,0,Mar-14-2021
90,Marknow,img(90).jpg,Random caption90,0,Mar-14-2021
91,Feck1968,img(91).jpg,Random caption91,0,Mar-14-2021
92,Feck1968,img(92).jpg,Random caption92,0,Mar-14-2021
93,Feck1968,img(93).jpg,Random caption93,0,Mar-14-2021
94,Feck1968,img(94).jpg,Random caption94,0,Mar-14-2021
95,Feck1968,img(95).jpg,Random caption95,0,Mar-14-2021
96,Suchown,img(96).jpg,Random caption96,0,Mar-14-2021
97,Suchown,img(97).jpg,Random caption97,0,Mar-14-2021
98,Suchown,img(98).jpg,Random caption98,0,Mar-14-2021
99,Suchown,img(99).jpg,Random caption99,0,Mar-14-2021
100,Suchown,img(100).jpg,Random caption100,0,Mar-14-2021
101,Thensted,img(101).jpg,Random caption101,0,Mar-14-2021
102,Thensted,img(102).jpg,Random caption102,0,Mar-14-2021
103,Thensted,img(103).jpg,Random caption103,0,Mar-14-2021
104,Thensted,img(104).jpg,Random caption104,0,Mar-14-2021
105,Thensted,img(105).jpg,Random caption105,0,Mar-14-2021
106,Crinsonast1984,img(106).jpg,Random caption106,0,Mar-14-2021
107,Crinsonast1984,img(107).jpg,Random caption107,0,Mar-14-2021
108,Crinsonast1984,img(108).jpg,Random caption108,0,Mar-14-2021
109,Crinsonast1984,img(109).jpg,Random caption109,0,Mar-14-2021
110,Crinsonast1984,img(110).jpg,Random caption110,0,Mar-14-2021
111,Weaught,img(111).jpg,Random caption111,0,Mar-14-2021
112,Weaught,img(112).jpg,Random caption112,0,Mar-14-2021
113,Weaught,img(113).jpg,Random caption113,0,Mar-14-2021
114,Weaught,img(114).jpg,Random caption114,0,Mar-14-2021
115,Weaught,img(115).jpg,Random caption115,0,Mar-14-2021
116,Weververnly,img(116).jpg,Random caption116,0,Mar-14-2021
117,Weververnly,img(117).jpg,Random caption117,0,Mar-14-2021
118,Weververnly,img(118).jpg,Random caption118,0,Mar-14-2021
119,Weververnly,img(119).jpg,Random caption119,0,Mar-14-2021
120,Weververnly,img(120).jpg,Random caption120,0,Mar-14-2021
121,Trumsess1943,img(121).jpg,Random caption121,0,Mar-14-2021
122,Trumsess1943,img(122).jpg,Random caption122,0,Mar-14-2021
123,Trumsess1943,img(123).jpg,Random caption123,0,Mar-14-2021
124,Trumsess1943,img(124).jpg,Random caption124,0,Mar-14-2021
125,Trumsess1943,img(125).jpg,Random caption125,0,Mar-14-2021
126,Bods1940,img(126).jpg,Random caption126,0,Mar-14-2021
127,Bods1940,img(127).jpg,Random caption127,0,Mar-14-2021
128,Bods1940,img(128).jpg,Random caption128,0,Mar-14-2021
129,Bods1940,img(129).jpg,Random caption129,0,Mar-14-2021
130,Bods1940,img(130).jpg,Random caption130,0,Mar-14-2021
131,Facepow,img(131).jpg,Random caption131,0,Mar-14-2021
132,Facepow,img(132).jpg,Random caption132,0,Mar-14-2021
133,Facepow,img(133).jpg,Random caption133,0,Mar-14-2021
134,Facepow,img(134).jpg,Random caption134,0,Mar-14-2021
135,Facepow,img(135).jpg,Random caption135,0,Mar-14-2021
136,Gaveressake,img(136).jpg,Random caption136,0,Mar-14-2021
137,Gaveressake,img(137).jpg,Random caption137,0,Mar-14-2021
138,Gaveressake,img(138).jpg,Random caption138,0,Mar-14-2021
139,Gaveressake,img(139).jpg,Random caption139,0,Mar-14-2021
140,Gaveressake,img(140).jpg,Random caption140,0,Mar-14-2021
141,Careekeres,img(141).jpg,Random caption141,0,Mar-14-2021
142,Careekeres,img(142).jpg,Random caption142,0,Mar-14-2021
143,Careekeres,img(143).jpg,Random caption143,0,Mar-14-2021
144,Careekeres,img(144).jpg,Random caption144,0,Mar-14-2021
145,Careekeres,img(145).jpg,Random caption145,0,Mar-14-2021
146,Togand,img(146).jpg,Random caption146,0,Mar-14-2021
147,Togand,img(147).jpg,Random caption147,0,Mar-14-2021
148,Togand,img(148).jpg,Random caption148,0,Mar-14-2021
149,Togand,img(149).jpg,Random caption149,0,Mar-14-2021
150,Togand,img(150).jpg,Random caption150,0,Mar-14-2021
151,Hadet1965,img(151).jpg,Random caption151,0,Mar-14-2021
152,Hadet1965,img(152).jpg,Random caption152,0,Mar-14-2021
153,Hadet1965,img(153).jpg,Random caption153,0,Mar-14-2021
154,Hadet1965,img(154).jpg,Random caption154,0,Mar-14-2021
155,Hadet1965,img(155).jpg,Random caption155,0,Mar-14-2021
156,Carther1949,img(156).jpg,Random caption156,0,Mar-14-2021
157,Carther1949,img(157).jpg,Random caption157,0,Mar-14-2021
158,Carther1949,img(158).jpg,Random caption158,0,Mar-14-2021
159,Carther1949,img(159).jpg,Random caption159,0,Mar-14-2021
160,Carther1949,img(160).jpg,Random caption160,0,Mar-14-2021
161,Hiserus,img(161).jpg,Random caption161,0,Mar-14-2021
162,Hiserus,img(162).jpg,Random caption162,0,Mar-14-2021
163,Hiserus,img(163).jpg,Random caption163,0,Mar-14-2021
164,Hiserus,img(164).jpg,Random caption164,0,Mar-14-2021
165,Hiserus,img(165).jpg,Random caption165,0,Mar-14-2021
166,Swentorme1935,img(166).jpg,Random caption166,0,Mar-14-2021
167,Swentorme1935,img(167).jpg,Random caption167,0,Mar-14-2021
168,Swentorme1935,img(168).jpg,Random caption168,0,Mar-14-2021
169,Swentorme1935,img(169).jpg,Random caption169,0,Mar-14-2021
170,Swentorme1935,img(170).jpg,Random caption170,0,Mar-14-2021
171,Cathery,img(171).jpg,Random caption171,0,Mar-14-2021
172,Cathery,img(172).jpg,Random caption172,0,Mar-14-2021
173,Cathery,img(173).jpg,Random caption173,0,Mar-14-2021
174,Cathery,img(174).jpg,Random caption174,0,Mar-14-2021
175,Cathery,img(175).jpg,Random caption175,0,Mar-14-2021
176,Sups1944,img(176).jpg,Random caption176,0,Mar-14-2021
177,Sups1944,img(177).jpg,Random caption177,0,Mar-14-2021
178,Sups1944,img(178).jpg,Random caption178,0,Mar-14-2021
179,Sups1944,img(179).jpg,Random caption179,0,Mar-14-2021
180,Sups1944,img(180).jpg,Random caption180,0,Mar-14-2021
181,Wilegire1937,img(181).jpg,Random caption181,0,Mar-14-2021
182,Wilegire1937,img(182).jpg,Random caption182,0,Mar-14-2021
183,Wilegire1937,img(183).jpg,Random caption183,0,Mar-14-2021
184,Wilegire1937,img(184).jpg,Random caption184,0,Mar-14-2021
185,Wilegire1937,img(185).jpg,Random caption185,0,Mar-14-2021
186,Thetting,img(186).jpg,Random caption186,0,Mar-14-2021
187,Thetting,img(187).jpg,Random caption187,0,Mar-14-2021
188,Thetting,img(188).jpg,Random caption188,0,Mar-14-2021
189,Thetting,img(189).jpg,Random caption189,0,Mar-14-2021
190,Thetting,img(190).jpg,Random caption190,0,Mar-14-2021
191,Hurs1997,img(191).jpg,Random caption191,0,Mar-14-2021
192,Hurs1997,img(192).jpg,Random caption192,0,Mar-14-2021
193,Hurs1997,img(193).jpg,Random caption193,0,Mar-14-2021
194,Hurs1997,img(194).jpg,Random caption194,0,Mar-14-2021
195,Hurs1997,img(195).jpg,Random caption195,0,Mar-14-2021
196,Goiderearsur,img(196).jpg,Random caption196,0,Mar-14-2021
197,Goiderearsur,img(197).jpg,Random caption197,0,Mar-14-2021
198,Goiderearsur,img(198).jpg,Random caption198,0,Mar-14-2021
199,Goiderearsur,img(199).jpg,Random caption199,0,Mar-14-2021
200,Goiderearsur,img(200).jpg,Random caption200,0,Mar-14-2021
201,Thdow1971,img(201).jpg,Random caption201,0,Mar-14-2021
202,Thdow1971,img(202).jpg,Random caption202,0,Mar-14-2021
203,Thdow1971,img(203).jpg,Random caption203,0,Mar-14-2021
204,Thdow1971,img(204).jpg,Random caption204,0,Mar-14-2021
205,Thdow1971,img(205).jpg,Random caption205,0,Mar-14-2021
206,Horgy1990,img(206).jpg,Random caption206,0,Mar-14-2021
207,Horgy1990,img(207).jpg,Random caption207,0,Mar-14-2021
208,Horgy1990,img(208).jpg,Random caption208,0,Mar-14-2021
209,Horgy1990,img(209).jpg,Random caption209,0,Mar-14-2021
210,Horgy1990,img(210).jpg,Random caption210,0,Mar-14-2021
211,Sequith,img(211).jpg,Random caption211,0,Mar-14-2021
212,Sequith,img(212).jpg,Random caption212,0,Mar-14-2021
213,Sequith,img(213).jpg,Random caption213,0,Mar-14-2021
214,Sequith,img(214).jpg,Random caption214,0,Mar-14-2021
215,Sequith,img(215).jpg,Random caption215,0,Mar-14-2021
216,Myseat,img(216).jpg,Random caption216,0,Mar-14-2021
217,Myseat,img(217).jpg,Random caption217,0,Mar-14-2021
218,Myseat,img(218).jpg,Random caption218,0,Mar-14-2021
219,Myseat,img(219).jpg,Random caption219,0,Mar-14-2021
220,Myseat,img(220).jpg,Random caption220,0,Mar-14-2021
221,Slogummid,img(221).jpg,Random caption221,0,Mar-14-2021
222,Slogummid,img(222).jpg,Random caption222,0,Mar-14-2021
223,Slogummid,img(223).jpg,Random caption223,0,Mar-14-2021
224,Slogummid,img(224).jpg,Random caption224,0,Mar-14-2021
225,Slogummid,img(225).jpg,Random caption225,0,Mar-14-2021
226,Sone1983,img(226).jpg,Random caption226,0,Mar-14-2021
227,Sone1983,img(227).jpg,Random caption227,0,Mar-14-2021
228,Sone1983,img(228).jpg,Random caption228,0,Mar-14-2021
229,Sone1983,img(229).jpg,Random caption229,0,Mar-14-2021
230,Sone1983,img(230).jpg,Random caption230,0,Mar-14-2021
231,Whatithas,img(231).jpg,Random caption231,0,Mar-14-2021
232,Whatithas,img(232).jpg,Random caption232,0,Mar-14-2021
233,Whatithas,img(233).jpg,Random caption233,0,Mar-14-2021
234,Whatithas,img(234).jpg,Random caption234,0,Mar-14-2021
235,Whatithas,img(235).jpg,Random caption235,0,Mar-14-2021
236,Arman1992,img(236).jpg,Random caption236,0,Mar-14-2021
237,Arman1992,img(237).jpg,Random caption237,0,Mar-14-2021
238,Arman1992,img(238).jpg,Random caption238,0,Mar-14-2021
239,Arman1992,img(239).jpg,Random caption239,0,Mar-14-2021
240,Arman1992,img(240).jpg,Random caption240,0,Mar-14-2021
241,alexabarra,img(241).jpg,Random caption241,0,Mar-14-2021
242,alexabarra,img(242).jpg,Random caption242,0,Mar-14-2021
243,alexabarra,img(243).jpg,Random caption243,0,Mar-14-2021
244,alexabarra,img(244).jpg,Random caption244,0,Mar-14-2021
245,alexabarra,img(245).jpg,Random caption245,0,Mar-14-2021
