Ablion73,img(91).jpg,img(117).jpg,img(213).jpg,img(29).jpg,img(43).jpg,img(187).jpg,img(150).jpg,img(173).jpg
Winglersen1989,img(159).jpg,img(110).jpg
Thithe,img(34).jpg,img(125).jpg,img(130).jpg,img(55).jpg
Wrove1935,img(173).jpg,img(198).jpg,img(242).jpg,img(243).jpg,img(57).jpg,img(83).jpg,img(99).jpg,img(244).jpg
Kning1982,img(67).jpg,img(137).jpg,img(40).jpg,img(67).jpg,img(163).jpg,img(40).jpg,img(153).jpg,img(161).jpg,img(78).jpg,img(24).jpg
Whimseeplis,img(27).jpg,img(74).jpg,img(175).jpg,img(159).jpg
Locies,img(232).jpg,img(55).jpg,img(34).jpg,img(70).jpg,img(202).jpg,img(105).jpg,img(116).jpg,img(231).jpg,img(53).jpg
Somprood,img(65).jpg,img(210).jpg,img(197).jpg,img(238).jpg,img(68).jpg,img(137).jpg,img(169).jpg
Giarturner,img(71).jpg,img(175).jpg,img(46).jpg,img(104).jpg,img(160).jpg,img(48).jpg,img(204).jpg,img(189).jpg,img(233).jpg,img(24).jpg
Drand1943,img(182).jpg,img(194).jpg,img(151).jpg,img(183).jpg,img(71).jpg,img(136).jpg,img(222).jpg,img(63).jpg,img(85).jpg,img(64).jpg
Theyear,img(26).jpg,img(141).jpg,img(29).jpg,img(15).jpg,img(40).jpg
Witive,img(64).jpg,img(67).jpg,img(139).jpg,img(56).jpg,img(103).jpg,img(154).jpg
Ristraid,img(110).jpg,img(184).jpg
Dideas85,img(24).jpg,img(219).jpg,img(244).jpg,img(213).jpg,img(25).jpg
Milloon,img(137).jpg,img(139).jpg,img(162).jpg,img(147).jpg,img(222).jpg,img(199).jpg,img(224).jpg
Calasts53,img(66).jpg,img(75).jpg,img(172).jpg,img(114).jpg,img(144).jpg,img(108).jpg,img(189).jpg,img(244).jpg
Usithed66,img(19).jpg
Marknow,img(63).jpg,img(208).jpg,img(164).jpg,img(91).jpg,img(240).jpg
Feck1968,img(244).jpg,img(185).jpg,img(138).jpg,img(71).jpg,img(197).jpg,img(76).jpg,img(138).jpg,img(28).jpg
Suchown,img(157).jpg,img(61).jpg,img(94).jpg,img(128).jpg
Thensted,img(44).jpg,img(216).jpg,img(128).jpg,img(229).jpg,img(12).jpg,img(14).jpg
Crinsonast1984,img(110).jpg,img(80).jpg,img(24).jpg,img(163).jpg
Weaught,img(20).jpg,img(156).jpg,img(108).jpg,img(115).jpg,img(15).jpg,img(97).jpg,img(185).jpg,img(197).jpg,img(47).jpg,img(103).jpg
Weververnly,img(24).jpg,img(53).jpg,img(64).jpg
Trumsess1943,img(137).jpg
Bods1940,img(43).jpg,img(88).jpg,img(194).jpg,img(70).jpg,img(115).jpg,img(243).jpg,img(98).jpg,img(163).jpg
Facepow,img(133).jpg,img(222).jpg,img(121).jpg,img(242).jpg,img(13).jpg,img(64).jpg,img(107).jpg
Gaveressake,img(128).jpg,img(154).jpg,img(165).jpg,img(245).jpg,img(122).jpg,img(235).jpg,img(65).jpg,img(57).jpg,img(157).jpg
Careekeres,img(215).jpg,img(217).jpg,img(93).jpg,img(34).jpg,img(85).jpg,img(87).jpg,img(58).jpg,img(68).jpg,img(62).jpg,img(54).jpg
Togand,img(115).jpg,img(220).jpg,img(12).jpg,img(152).jpg,img(181).jpg,img(112).jpg,img(86).jpg,img(61).jpg,img(164).jpg
Hadet1965,img(174).jpg,img(97).jpg,img(111).jpg,img(116).jpg
Carther1949,img(82).jpg,img(204).jpg,img(186).jpg
Hiserus,img(17).jpg,img(143).jpg
Swentorme1935,img(74).jpg,img(208).jpg,img(145).jpg
Cathery,img(182).jpg,img(31).jpg,img(220).jpg,img(86).jpg,img(191).jpg,img(97).jpg,img(187).jpg
Sups1944,img(156).jpg,img(39).jpg,img(158).jpg,img(11).jpg
Wilegire1937,img(110).jpg,img(218).jpg
Thetting,img(18).jpg,img(223).jpg,img(106).jpg,img(226).jpg,img(168).jpg,img(135).jpg
Hurs1997,img(211).jpg,img(109).jpg,img(199).jpg,img(64).jpg,img(168).jpg
Goiderearsur,img(123).jpg,img(229).jpg,img(204).jpg,img(204).jpg,img(152).jpg,img(47).jpg,img(21).jpg,img(85).jpg,img(235).jpg
Thdow1971,img(38).jpg,img(64).jpg,img(61).jpg,img(164).jpg,img(243).jpg,img(213).jpg
Horgy1990,img(185).jpg,img(136).jpg,img(165).jpg,img(36).jpg,img(55).jpg,img(242).jpg,img(200).jpg,img(109).jpg
Sequith,img(59).jpg,img(134).jpg,img(77).jpg,img(117).jpg,img(157).jpg,img(242).jpg,img(95).jpg,img(187).jpg,img(161).jpg,img(218).jpg
Myseat,img(151).jpg,img(59).jpg,img(233).jpg
Slogummid,img(113).jpg,img(126).jpg,img(226).jpg,img(139).jpg,img(169).jpg,img(238).jpg,img(217).jpg,img(33).jpg,img(145).jpg,img(101).jpg
Sone1983,img(14).jpg,img(37).jpg,img(89).jpg,img(24).jpg,img(89).jpg,img(212).jpg
Whatithas,img(11).jpg,img(154).jpg,img(173).jpg,img(185).jpg,img(34).jpg
Arman1992,img(169).jpg,img(127).jpg,img(175).jpg,img(198).jpg,img(155).jpg,img(199).jpg
Requed,img(226).jpg,img(146).jpg,img(128).jpg,img(39).jpg,img(201).jpg,img(196).jpg,img(44).jpg,img(116).jpg
Ournmeturehe,img(228).jpg,img(148).jpg,img(154).jpg,img(92).jpg,img(11).jpg,img(48).jpg
Hapterk,img(140).jpg,img(106).jpg,img(240).jpg,img(138).jpg,img(243).jpg,img(33).jpg
Torme1947,img(197).jpg,img(187).jpg,img(226).jpg
Susaing,img(82).jpg,img(168).jpg
Shelles00,img(120).jpg,img(153).jpg,img(51).jpg,img(110).jpg,img(42).jpg
Scure1941,img(50).jpg,img(119).jpg,img(35).jpg,img(210).jpg,img(73).jpg,img(189).jpg
Shunnothe,img(188).jpg,img(27).jpg,img(6).jpg,img(82).jpg,img(112).jpg
Hapt1997,img(229).jpg,img(206).jpg,img(215).jpg
Quainged,img(81).jpg,img(168).jpg,img(19).jpg,img(78).jpg,img(30).jpg,img(54).jpg,img(190).jpg,img(3).jpg,img(37).jpg
Forneirdis,img(78).jpg,img(210).jpg,img(52).jpg,img(245).jpg,img(103).jpg
Himattim,img(101).jpg,img(215).jpg
Paracce,img(31).jpg,img(243).jpg,img(99).jpg,img(109).jpg,img(205).jpg
Coneire,img(36).jpg
Adisaid,img(229).jpg,img(168).jpg,img(22).jpg,img(33).jpg,img(181).jpg,img(155).jpg
Aticeyound,img(55).jpg,img(218).jpg,img(110).jpg,img(219).jpg,img(242).jpg,img(143).jpg,img(171).jpg,img(47).jpg,img(23).jpg,img(60).jpg
Uper1960,img(1).jpg,img(33).jpg,img(57).jpg,img(47).jpg,img(37).jpg,img(7).jpg,img(130).jpg
Worther,img(54).jpg,img(190).jpg,img(77).jpg
Intries,img(99).jpg,img(241).jpg,img(230).jpg,img(190).jpg,img(115).jpg,img(11).jpg,img(128).jpg,img(203).jpg,img(211).jpg,img(8).jpg
Thiblases,img(81).jpg
Fescithavers90,img(52).jpg
Maidne,img(42).jpg,img(198).jpg,img(223).jpg,img(208).jpg,img(95).jpg,img(52).jpg,img(46).jpg,img(95).jpg,img(241).jpg,img(124).jpg
Lesconlymp1990,img(219).jpg,img(65).jpg,img(104).jpg,img(198).jpg,img(171).jpg,img(107).jpg,img(32).jpg,img(137).jpg,img(224).jpg,img(68).jpg
Clinking,img(78).jpg,img(175).jpg,img(174).jpg,img(76).jpg,img(75).jpg,img(161).jpg,img(189).jpg,img(95).jpg,img(202).jpg
Dinvis,img(91).jpg,img(21).jpg,img(163).jpg,img(21).jpg,img(68).jpg,img(114).jpg,img(180).jpg,img(36).jpg,img(151).jpg,img(44).jpg
Foress1996,img(21).jpg
Hisfat,img(41).jpg,img(122).jpg,img(186).jpg,img(90).jpg
Nembee,img(114).jpg,img(124).jpg,img(67).jpg
Huttleford,img(139).jpg,img(75).jpg,img(22).jpg,img(35).jpg,img(125).jpg,img(13).jpg,img(22).jpg,img(24).jpg,img(180).jpg
Yearte65,img(14).jpg,img(173).jpg,img(199).jpg
Forto1990,img(32).jpg,img(227).jpg,img(174).jpg,img(166).jpg,img(25).jpg,img(212).jpg,img(17).jpg,img(123).jpg,img(67).jpg,img(211).jpg
Miltrared,img(177).jpg,img(130).jpg
Busert,img(196).jpg,img(61).jpg,img(20).jpg,img(86).jpg,img(9).jpg,img(20).jpg,img(132).jpg,img(72).jpg,img(23).jpg
Inte1944,img(24).jpg,img(224).jpg,img(105).jpg,img(92).jpg,img(178).jpg,img(63).jpg,img(227).jpg,img(2).jpg,img(228).jpg
Sencte,img(11).jpg
Ressill,img(135).jpg,img(107).jpg,img(213).jpg,img(233).jpg,img(222).jpg,img(78).jpg,img(4).jpg
Doets1956,img(72).jpg
Andeard,img(158).jpg,img(90).jpg,img(132).jpg,img(185).jpg,img(78).jpg,img(116).jpg,img(61).jpg
Marring,img(194).jpg,img(102).jpg,img(243).jpg,img(81).jpg
Hipears1990,img(125).jpg
Wintelpom,img(67).jpg,img(73).jpg,img(71).jpg,img(176).jpg,img(158).jpg,img(88).jpg,img(102).jpg,img(207).jpg
Hadve1980,img(152).jpg,img(230).jpg,img(141).jpg,img(192).jpg,img(77).jpg,img(38).jpg,img(27).jpg,img(142).jpg
Unce1956,img(241).jpg,img(49).jpg,img(118).jpg,img(11).jpg,img(34).jpg,img(215).jpg,img(68).jpg,img(49).jpg,img(4).jpg,img(146).jpg
Whound1973,img(58).jpg,img(155).jpg,img(65).jpg
Derns2001,img(23).jpg,img(157).jpg,img(38).jpg
Ockywhe,img(194).jpg,img(144).jpg,img(198).jpg,img(139).jpg,img(230).jpg,img(213).jpg,img(10).jpg,img(149).jpg,img(99).jpg
Allacurs00,img(185).jpg,img(224).jpg,img(161).jpg,img(95).jpg
Fork1985,img(159).jpg,img(212).jpg,img(163).jpg,img(194).jpg,img(178).jpg,img(43).jpg
Witund,img(105).jpg,img(212).jpg,img(166).jpg,img(137).jpg,img(187).jpg,img(82).jpg,img(109).jpg,img(185).jpg,img(14).jpg,img(134).jpg
Ahmearallood,img(107).jpg,img(149).jpg,img(168).jpg,img(229).jpg,img(64).jpg,img(38).jpg,img(11).jpg
Therwaseld,img(50).jpg,img(49).jpg,img(202).jpg,img(45).jpg,img(58).jpg
Gice1953,img(198).jpg,img(8).jpg,img(132).jpg,img(133).jpg,img(235).jpg
Wilier,img(112).jpg,img(101).jpg,img(73).jpg,img(47).jpg,img(137).jpg,img(164).jpg
Ouretterstat,img(24).jpg,img(76).jpg
Noreed,img(90).jpg
Arresplet42,img(187).jpg,img(99).jpg
Supoed,img(157).jpg,img(52).jpg,img(51).jpg
Lithert80,img(225).jpg,img(85).jpg,img(56).jpg,img(11).jpg,img(164).jpg
Owers1947,img(112).jpg,img(172).jpg,img(116).jpg,img(94).jpg,img(27).jpg,img(187).jpg,img(2).jpg,img(173).jpg,img(42).jpg
Yould2001,img(215).jpg,img(218).jpg,img(240).jpg,img(55).jpg,img(135).jpg,img(38).jpg
Sherne,img(9).jpg,img(176).jpg,img(199).jpg,img(189).jpg,img(45).jpg,img(85).jpg,img(21).jpg,img(23).jpg,img(231).jpg
Befalably,img(7).jpg,img(197).jpg,img(91).jpg,img(229).jpg,img(33).jpg,img(188).jpg
Litem1995,img(195).jpg,img(6).jpg,img(122).jpg,img(53).jpg,img(169).jpg,img(232).jpg,img(198).jpg,img(52).jpg,img(65).jpg
Theming,img(14).jpg,img(158).jpg,img(177).jpg,img(226).jpg,img(141).jpg,img(202).jpg,img(222).jpg
Hask1962,img(235).jpg,img(214).jpg,img(70).jpg,img(102).jpg,img(142).jpg,img(184).jpg
Cenry1953,img(4).jpg,img(73).jpg,img(58).jpg,img(25).jpg,img(95).jpg,img(163).jpg,img(99).jpg
Ticamin,img(134).jpg,img(109).jpg
Thap1997,img(153).jpg,img(159).jpg,img(178).jpg,img(149).jpg,img(175).jpg,img(53).jpg
Fornor,img(23).jpg,img(21).jpg,img(176).jpg,img(226).jpg,img(138).jpg,img(180).jpg
Evembee,img(163).jpg
Tabefore85,img(133).jpg,img(200).jpg,img(14).jpg,img(79).jpg,img(227).jpg,img(64).jpg,img(202).jpg,img(82).jpg
Entsion,img(6).jpg,img(210).jpg,img(1).jpg
Hurping,img(9).jpg
Explikes,img(35).jpg,img(61).jpg,img(104).jpg,img(83).jpg,img(39).jpg
Foor1973,img(6).jpg,img(160).jpg,img(205).jpg,img(220).jpg,img(24).jpg,img(93).jpg
Lipeove1935,img(33).jpg,img(7).jpg,img(141).jpg,img(168).jpg
Nothem,img(80).jpg,img(172).jpg
Auncaughbove,img(65).jpg,img(199).jpg,img(42).jpg,img(111).jpg,img(226).jpg,img(235).jpg
Takented,img(201).jpg,img(131).jpg,img(60).jpg,img(172).jpg,img(184).jpg,img(236).jpg,img(228).jpg
Perclovery,img(114).jpg,img(213).jpg,img(192).jpg,img(92).jpg,img(135).jpg
Mostion01,img(124).jpg,img(52).jpg,img(231).jpg,img(215).jpg,img(233).jpg,img(212).jpg,img(197).jpg,img(115).jpg,img(179).jpg
Historl81,img(15).jpg,img(85).jpg,img(143).jpg,img(17).jpg,img(212).jpg,img(48).jpg
Mosticen91,img(14).jpg,img(58).jpg,img(232).jpg,img(215).jpg,img(228).jpg,img(127).jpg,img(204).jpg,img(162).jpg
Andead,img(190).jpg,img(52).jpg,img(44).jpg,img(50).jpg,img(133).jpg,img(39).jpg
Diewhou62,img(116).jpg,img(91).jpg,img(46).jpg,img(35).jpg,img(147).jpg
Samelle,img(34).jpg,img(53).jpg,img(42).jpg,img(185).jpg,img(26).jpg
Derithe,img(158).jpg,img(151).jpg,img(110).jpg,img(146).jpg,img(169).jpg,img(169).jpg
Froopents,img(82).jpg,img(203).jpg,img(30).jpg,img(167).jpg,img(94).jpg
Beffectrall,img(233).jpg,img(36).jpg,img(7).jpg,img(178).jpg
Trands,img(15).jpg,img(161).jpg,img(181).jpg,img(196).jpg
Terettly,img(179).jpg,img(234).jpg,img(115).jpg,img(86).jpg,img(241).jpg,img(174).jpg,img(218).jpg
Tray1981,img(188).jpg,img(207).jpg,img(20).jpg,img(145).jpg,img(64).jpg,img(159).jpg,img(242).jpg,img(72).jpg,img(220).jpg,img(237).jpg
Poseept,img(160).jpg,img(71).jpg
Awalinis,img(193).jpg,img(91).jpg,img(66).jpg,img(210).jpg,img(3).jpg,img(217).jpg,img(194).jpg
Pask1996,img(205).jpg,img(9).jpg,img(82).jpg,img(157).jpg,img(236).jpg,img(242).jpg,img(154).jpg,img(203).jpg,img(33).jpg
Roseen,img(6).jpg,img(135).jpg,img(175).jpg,img(122).jpg,img(245).jpg,img(74).jpg,img(134).jpg
Selinam,img(184).jpg,img(224).jpg,img(230).jpg,img(27).jpg,img(130).jpg,img(207).jpg,img(239).jpg,img(167).jpg
Grang1971,img(114).jpg
Inedan,img(206).jpg,img(175).jpg,img(173).jpg,img(173).jpg,img(58).jpg,img(24).jpg,img(30).jpg,img(3).jpg,img(10).jpg,img(93).jpg
Luctaps,img(151).jpg,img(217).jpg
Marght,img(174).jpg
Trathem,img(45).jpg
Feld1982,img(144).jpg,img(128).jpg,img(28).jpg,img(26).jpg,img(135).jpg,img(86).jpg,img(79).jpg,img(68).jpg,img(115).jpg
Stold1941,img(2).jpg,img(66).jpg,img(70).jpg,img(136).jpg,img(135).jpg
Themplaboo,img(197).jpg,img(49).jpg,img(25).jpg,img(231).jpg,img(14).jpg,img(218).jpg
Imnly1943,img(18).jpg,img(29).jpg,img(96).jpg,img(202).jpg,img(133).jpg,img(149).jpg,img(225).jpg,img(82).jpg,img(84).jpg,img(159).jpg
Payeads,img(192).jpg,img(136).jpg
Thiced36,img(144).jpg,img(60).jpg
Ripplexprem,img(29).jpg,img(197).jpg,img(159).jpg,img(225).jpg,img(35).jpg
Coll1964,img(168).jpg,img(145).jpg,img(161).jpg,img(156).jpg,img(236).jpg,img(111).jpg,img(226).jpg,img(55).jpg,img(221).jpg,img(224).jpg
Thimplutwere,img(19).jpg,img(214).jpg,img(65).jpg
Taitione2000,img(119).jpg,img(147).jpg,img(200).jpg
Cattell80,img(149).jpg,img(75).jpg
Woodist,img(76).jpg
Reptit,img(35).jpg,img(87).jpg
Acquied41,img(179).jpg,img(173).jpg,img(157).jpg,img(222).jpg
Scas1989,img(116).jpg,img(102).jpg,img(65).jpg,img(190).jpg,img(109).jpg,img(77).jpg,img(175).jpg,img(103).jpg
Deplas,img(69).jpg,img(135).jpg,img(100).jpg,img(175).jpg,img(63).jpg,img(117).jpg
Sircurnis,img(42).jpg,img(9).jpg,img(238).jpg,img(132).jpg,img(135).jpg,img(216).jpg,img(128).jpg,img(57).jpg,img(145).jpg,img(233).jpg
Warts1965,img(164).jpg
Fromends,img(182).jpg,img(119).jpg,img(58).jpg
Graime,img(66).jpg,img(103).jpg,img(10).jpg
Morects,img(66).jpg,img(172).jpg
Hicens,img(119).jpg,img(202).jpg,img(151).jpg,img(203).jpg
Throffes,img(145).jpg,img(121).jpg,img(25).jpg,img(185).jpg,img(88).jpg,img(60).jpg,img(44).jpg
Wasibint,img(13).jpg,img(99).jpg,img(36).jpg,img(129).jpg,img(195).jpg,img(212).jpg,img(213).jpg,img(48).jpg,img(96).jpg,img(145).jpg
Moomed,img(131).jpg,img(51).jpg,img(124).jpg,img(191).jpg,img(212).jpg,img(65).jpg,img(218).jpg,img(155).jpg,img(207).jpg,img(54).jpg
Pultooper1968,img(244).jpg,img(13).jpg
Racclut,img(151).jpg,img(98).jpg
Suchaings,img(46).jpg,img(106).jpg,img(161).jpg,img(240).jpg,img(96).jpg,img(192).jpg,img(147).jpg,img(6).jpg,img(72).jpg
Cagoo1938,img(240).jpg,img(20).jpg,img(81).jpg,img(227).jpg,img(103).jpg,img(202).jpg,img(163).jpg,img(93).jpg,img(188).jpg,img(200).jpg
Andied,img(56).jpg,img(225).jpg,img(76).jpg,img(152).jpg,img(81).jpg,img(11).jpg,img(7).jpg,img(127).jpg
Coduchis,img(116).jpg,img(27).jpg
Rainglady,img(181).jpg,img(171).jpg,img(32).jpg,img(133).jpg,img(43).jpg,img(115).jpg,img(157).jpg,img(143).jpg,img(240).jpg
Welyine,img(169).jpg,img(231).jpg,img(11).jpg,img(92).jpg,img(193).jpg,img(142).jpg
Warsted,img(40).jpg,img(64).jpg,img(12).jpg,img(169).jpg,img(125).jpg,img(66).jpg,img(242).jpg
Disated67,img(75).jpg
Stue1982,img(47).jpg,img(182).jpg,img(3).jpg,img(164).jpg,img(230).jpg,img(130).jpg,img(74).jpg,img(45).jpg,img(215).jpg,img(125).jpg
Mazed1939,img(17).jpg,img(202).jpg,img(98).jpg,img(20).jpg,img(140).jpg,img(83).jpg
Aboury,img(64).jpg,img(169).jpg,img(241).jpg,img(148).jpg,img(68).jpg
Phim1965,img(196).jpg,img(121).jpg,img(226).jpg,img(78).jpg
Exiorat,img(244).jpg,img(82).jpg,img(30).jpg,img(61).jpg,img(111).jpg,img(185).jpg,img(29).jpg,img(206).jpg,img(103).jpg
Thaties,img(202).jpg,img(35).jpg,img(218).jpg
Aftes1950,img(178).jpg
Hompareect,img(178).jpg,img(89).jpg,img(178).jpg,img(67).jpg,img(189).jpg,img(236).jpg,img(194).jpg,img(212).jpg
Toohnse,img(125).jpg,img(37).jpg
Rets1945,img(57).jpg,img(183).jpg
Inar1942,img(196).jpg,img(73).jpg
Myris1955,img(145).jpg,img(122).jpg,img(131).jpg,img(153).jpg,img(18).jpg,img(110).jpg,img(77).jpg,img(86).jpg
Thro1950,img(35).jpg,img(68).jpg,img(94).jpg,img(230).jpg,img(171).jpg,img(176).jpg,img(203).jpg,img(189).jpg,img(157).jpg
Peress,img(138).jpg,img(133).jpg,img(170).jpg,img(189).jpg,img(149).jpg,img(125).jpg,img(65).jpg,img(223).jpg
Hithat,img(47).jpg,img(58).jpg,img(54).jpg,img(110).jpg,img(215).jpg,img(93).jpg,img(115).jpg,img(83).jpg,img(196).jpg,img(80).jpg
Amehionark,img(54).jpg,img(101).jpg
Priess,img(204).jpg,img(175).jpg,img(73).jpg,img(231).jpg
Yeloors1938,img(22).jpg,img(58).jpg
Atuaturivess,img(68).jpg,img(178).jpg,img(187).jpg,img(104).jpg,img(89).jpg,img(222).jpg
Hiscoutiould,img(45).jpg,img(150).jpg,img(49).jpg,img(52).jpg,img(119).jpg,img(148).jpg,img(229).jpg,img(201).jpg
Nicterims,img(174).jpg,img(177).jpg,img(187).jpg,img(135).jpg,img(209).jpg,img(191).jpg
Dersecting,img(26).jpg,img(125).jpg,img(13).jpg,img(233).jpg,img(123).jpg,img(20).jpg,img(22).jpg
Crive1964,img(79).jpg,img(190).jpg,img(172).jpg
Owareasti,img(183).jpg,img(108).jpg,img(222).jpg,img(216).jpg,img(31).jpg,img(238).jpg,img(104).jpg,img(13).jpg
Anturt1995,img(66).jpg,img(192).jpg,img(234).jpg,img(88).jpg,img(120).jpg,img(205).jpg
Thaus1952,img(243).jpg,img(50).jpg,img(152).jpg,img(32).jpg,img(228).jpg,img(230).jpg,img(37).jpg,img(131).jpg,img(140).jpg,img(7).jpg
Offind,img(64).jpg,img(106).jpg,img(232).jpg,img(27).jpg,img(82).jpg
Urplack,img(110).jpg,img(231).jpg,img(245).jpg,img(114).jpg,img(15).jpg,img(92).jpg,img(132).jpg,img(128).jpg,img(94).jpg
Theass,img(229).jpg
Leting,img(213).jpg,img(141).jpg,img(167).jpg,img(219).jpg,img(208).jpg,img(209).jpg,img(121).jpg,img(151).jpg,img(5).jpg,img(218).jpg
Worde1972,img(188).jpg,img(227).jpg,img(126).jpg,img(96).jpg,img(49).jpg,img(231).jpg
Rounnefaid,img(74).jpg,img(215).jpg,img(212).jpg,img(6).jpg,img(114).jpg,img(32).jpg,img(7).jpg,img(163).jpg,img(17).jpg,img(30).jpg
Agend1948,img(233).jpg,img(143).jpg,img(202).jpg,img(74).jpg,img(58).jpg,img(38).jpg,img(63).jpg,img(38).jpg,img(2).jpg,img(207).jpg
Adsome1979,img(217).jpg,img(87).jpg,img(122).jpg,img(92).jpg,img(111).jpg,img(159).jpg,img(229).jpg
Suation,img(204).jpg,img(60).jpg
Stroathemed,img(203).jpg,img(27).jpg,img(198).jpg,img(96).jpg
Dremetweithe85,img(83).jpg
Forstand,img(59).jpg,img(7).jpg,img(2).jpg,img(87).jpg,img(26).jpg,img(228).jpg,img(37).jpg,img(68).jpg,img(164).jpg,img(209).jpg
Anksembefuld,img(54).jpg,img(69).jpg,img(96).jpg,img(7).jpg,img(218).jpg,img(86).jpg,img(69).jpg
Letion,img(155).jpg,img(243).jpg,img(35).jpg,img(18).jpg,img(92).jpg,img(26).jpg,img(64).jpg,img(108).jpg,img(206).jpg
Cating,img(50).jpg,img(226).jpg,img(64).jpg,img(81).jpg,img(59).jpg,img(239).jpg,img(105).jpg,img(37).jpg
Thaventinsom,img(85).jpg,img(9).jpg,img(187).jpg,img(188).jpg,img(167).jpg,img(88).jpg,img(10).jpg,img(143).jpg
Tracer,img(37).jpg,img(225).jpg,img(47).jpg,img(101).jpg,img(75).jpg,img(198).jpg,img(40).jpg,img(176).jpg
Manto1982,img(40).jpg,img(93).jpg,img(103).jpg,img(216).jpg,img(164).jpg,img(127).jpg
Uppound,img(228).jpg,img(205).jpg,img(233).jpg,img(166).jpg,img(39).jpg,img(113).jpg,img(190).jpg
Wroke1952,img(131).jpg,img(211).jpg,img(236).jpg
Noubtly,img(209).jpg,img(208).jpg
Anctioni,img(191).jpg,img(67).jpg,img(183).jpg,img(85).jpg,img(3).jpg,img(37).jpg,img(146).jpg,img(73).jpg
Whandules,img(96).jpg,img(37).jpg,img(48).jpg,img(3).jpg,img(21).jpg,img(199).jpg,img(146).jpg,img(14).jpg,img(139).jpg,img(116).jpg
Sichim,img(174).jpg,img(6).jpg
Himseoultz71,img(33).jpg,img(210).jpg,img(233).jpg,img(216).jpg,img(53).jpg
Migho1966,img(132).jpg,img(171).jpg,img(62).jpg,img(106).jpg,img(25).jpg,img(119).jpg,img(244).jpg,img(22).jpg,img(213).jpg,img(245).jpg
Esces1949,img(131).jpg,img(42).jpg,img(187).jpg,img(171).jpg,img(243).jpg,img(53).jpg,img(213).jpg,img(146).jpg,img(186).jpg,img(111).jpg
Citter,img(43).jpg,img(210).jpg,img(38).jpg,img(187).jpg,img(12).jpg,img(219).jpg,img(184).jpg,img(135).jpg
Clinguen,img(60).jpg,img(119).jpg,img(123).jpg,img(157).jpg,img(128).jpg,img(76).jpg,img(181).jpg,img(232).jpg
Briong,img(180).jpg,img(79).jpg
Hismir,img(182).jpg,img(20).jpg,img(131).jpg
Mosty1984,img(65).jpg,img(227).jpg,img(127).jpg,img(98).jpg,img(28).jpg,img(12).jpg,img(23).jpg
Liferairipea,img(204).jpg,img(76).jpg,img(183).jpg,img(139).jpg,img(44).jpg,img(133).jpg,img(185).jpg,img(56).jpg,img(2).jpg,img(139).jpg
Thake1962,img(110).jpg
Priverime,img(209).jpg,img(63).jpg,img(123).jpg,img(14).jpg,img(78).jpg,img(15).jpg,img(35).jpg,img(159).jpg
Andut1947,img(197).jpg,img(100).jpg,img(128).jpg,img(106).jpg,img(234).jpg,img(157).jpg
Losayin,img(64).jpg,img(243).jpg,img(158).jpg,img(127).jpg,img(78).jpg,img(86).jpg,img(88).jpg
Henow1942,img(141).jpg,img(50).jpg,img(156).jpg,img(221).jpg,img(4).jpg,img(234).jpg,img(89).jpg
Huser1997,img(58).jpg,img(58).jpg,img(135).jpg,img(236).jpg,img(215).jpg,img(16).jpg,img(154).jpg,img(48).jpg,img(191).jpg
Yourt1988,img(80).jpg,img(236).jpg,img(132).jpg,img(127).jpg,img(220).jpg,img(99).jpg,img(188).jpg
Toneatink62,img(93).jpg,img(44).jpg,img(213).jpg,img(113).jpg
Bler1953,img(34).jpg,img(245).jpg,img(161).jpg,img(25).jpg,img(19).jpg,img(8).jpg,img(64).jpg,img(46).jpg,img(188).jpg,img(79).jpg
Beittlet,img(135).jpg,img(161).jpg,img(121).jpg,img(208).jpg,img(245).jpg
Ficiones,img(223).jpg
Prut1990,img(9).jpg,img(78).jpg,img(98).jpg,img(56).jpg,img(28).jpg,img(53).jpg,img(223).jpg
Tiond1955,img(70).jpg,img(111).jpg,img(229).jpg,img(174).jpg,img(51).jpg,img(199).jpg,img(141).jpg,img(2).jpg,img(53).jpg,img(174).jpg
Havive,img(46).jpg,img(184).jpg,img(182).jpg,img(29).jpg
Sume1974,img(123).jpg,img(213).jpg,img(52).jpg,img(216).jpg,img(22).jpg,img(135).jpg
Greanded,img(135).jpg,img(75).jpg,img(38).jpg,img(144).jpg,img(146).jpg,img(63).jpg,img(103).jpg
Lowelied,img(72).jpg,img(167).jpg,img(133).jpg,img(143).jpg,img(196).jpg,img(165).jpg,img(128).jpg
Tume1983,img(93).jpg,img(244).jpg,img(172).jpg
Cluat1981,img(6).jpg,img(153).jpg,img(176).jpg,img(52).jpg,img(17).jpg
Verea1995,img(179).jpg,img(77).jpg
Supostizat,img(242).jpg,img(197).jpg,img(201).jpg
Camport1999,img(63).jpg,img(155).jpg,img(57).jpg,img(236).jpg,img(51).jpg,img(240).jpg,img(51).jpg
Sorence,img(96).jpg,img(154).jpg,img(200).jpg,img(66).jpg
Bardes,img(151).jpg,img(146).jpg,img(21).jpg,img(2).jpg,img(237).jpg,img(220).jpg,img(186).jpg,img(78).jpg,img(125).jpg
Engs1993,img(189).jpg,img(17).jpg,img(13).jpg,img(45).jpg,img(125).jpg,img(209).jpg,img(5).jpg,img(47).jpg,img(154).jpg
Beep1956,img(39).jpg,img(3).jpg,img(192).jpg,img(121).jpg,img(123).jpg,img(43).jpg,img(163).jpg,img(204).jpg,img(136).jpg
Ocapan,img(226).jpg,img(91).jpg,img(235).jpg,img(75).jpg,img(227).jpg
Hatifich60,img(171).jpg,img(81).jpg,img(233).jpg,img(135).jpg,img(3).jpg,img(87).jpg,img(205).jpg,img(127).jpg
Whensinal,img(119).jpg
Milughtly01,img(139).jpg,img(109).jpg,img(74).jpg,img(109).jpg,img(99).jpg,img(190).jpg,img(187).jpg,img(197).jpg,img(245).jpg
Momentown,img(195).jpg,img(32).jpg,img(204).jpg,img(19).jpg,img(86).jpg,img(149).jpg,img(3).jpg,img(204).jpg,img(27).jpg,img(23).jpg
Sionech,img(179).jpg,img(197).jpg,img(157).jpg,img(177).jpg,img(237).jpg,img(226).jpg,img(181).jpg
Complefro,img(77).jpg,img(234).jpg,img(147).jpg
Camond1938,img(207).jpg,img(198).jpg,img(232).jpg,img(73).jpg,img(193).jpg,img(144).jpg,img(114).jpg
Ocapturpon,img(189).jpg,img(182).jpg,img(84).jpg,img(18).jpg,img(138).jpg,img(55).jpg,img(208).jpg,img(33).jpg
Grieds1976,img(141).jpg,img(76).jpg
Thisil,img(245).jpg,img(241).jpg,img(214).jpg
Froultan,img(159).jpg,img(18).jpg,img(141).jpg,img(224).jpg,img(223).jpg
Suffed,img(147).jpg,img(208).jpg,img(186).jpg,img(4).jpg,img(85).jpg
Frated68,img(101).jpg,img(163).jpg,img(27).jpg,img(82).jpg,img(94).jpg,img(102).jpg
Difule,img(44).jpg,img(80).jpg,img(12).jpg,img(107).jpg,img(34).jpg,img(19).jpg,img(158).jpg,img(135).jpg,img(109).jpg
Itell1967,img(243).jpg,img(94).jpg,img(49).jpg
Froprithe,img(205).jpg,img(24).jpg,img(108).jpg,img(34).jpg,img(176).jpg,img(61).jpg,img(13).jpg,img(110).jpg,img(130).jpg
Anturt,img(117).jpg
Peress,img(99).jpg,img(63).jpg
Hathouty,img(55).jpg,img(210).jpg,img(17).jpg,img(158).jpg,img(94).jpg
Fortionce,img(104).jpg,img(136).jpg,img(156).jpg,img(189).jpg,img(157).jpg,img(232).jpg,img(137).jpg,img(38).jpg,img(161).jpg
Baces1992,img(153).jpg,img(135).jpg
Wasce2001,img(155).jpg,img(225).jpg,img(117).jpg,img(120).jpg,img(169).jpg,img(100).jpg,img(40).jpg,img(36).jpg
Froot1986,img(120).jpg,img(196).jpg,img(28).jpg,img(28).jpg,img(187).jpg
Harrame,img(87).jpg,img(5).jpg,img(44).jpg,img(82).jpg
Vize1978,img(155).jpg,img(167).jpg,img(126).jpg,img(160).jpg,img(56).jpg
Apocumpeat,img(198).jpg,img(88).jpg,img(113).jpg
Thinge,img(167).jpg,img(58).jpg,img(76).jpg,img(170).jpg,img(186).jpg,img(94).jpg,img(162).jpg
Witong,img(158).jpg,img(159).jpg,img(60).jpg,img(91).jpg,img(1).jpg,img(71).jpg,img(200).jpg,img(184).jpg,img(156).jpg
Aftell,img(115).jpg,img(91).jpg,img(37).jpg
Hitylo,img(228).jpg,img(31).jpg,img(209).jpg,img(218).jpg,img(236).jpg,img(244).jpg,img(119).jpg,img(75).jpg
Hatiound,img(19).jpg,img(120).jpg,img(37).jpg,img(77).jpg,img(185).jpg,img(45).jpg,img(94).jpg
Farre2001,img(225).jpg,img(98).jpg,img(165).jpg,img(175).jpg,img(26).jpg,img(198).jpg
Nound1972,img(157).jpg,img(50).jpg,img(62).jpg
Noeve1971,img(164).jpg,img(74).jpg,img(156).jpg
Viong1943,img(196).jpg,img(49).jpg,img(67).jpg,img(155).jpg,img(224).jpg,img(126).jpg
Esta2000,img(200).jpg,img(160).jpg,img(27).jpg,img(242).jpg,img(55).jpg
Dishis,img(238).jpg,img(15).jpg,img(213).jpg,img(106).jpg,img(242).jpg,img(101).jpg,img(89).jpg
Werimaid,img(126).jpg,img(49).jpg,img(169).jpg,img(72).jpg
Wousang,img(141).jpg
Youss1945,img(5).jpg,img(41).jpg,img(135).jpg,img(85).jpg,img(27).jpg,img(14).jpg,img(136).jpg
Cournes,img(157).jpg,img(164).jpg,img(165).jpg,img(239).jpg
Artak2000,img(44).jpg,img(60).jpg,img(145).jpg,img(100).jpg,img(38).jpg,img(19).jpg,img(60).jpg,img(32).jpg,img(36).jpg
Leaved,img(245).jpg,img(67).jpg,img(228).jpg,img(110).jpg,img(17).jpg,img(211).jpg,img(152).jpg,img(46).jpg
Undkey,img(213).jpg,img(125).jpg,img(143).jpg,img(65).jpg,img(169).jpg,img(171).jpg,img(187).jpg,img(218).jpg,img(126).jpg,img(130).jpg
Ereepliefor,img(17).jpg,img(113).jpg
Andn1966,img(181).jpg,img(72).jpg,img(245).jpg,img(137).jpg,img(100).jpg
Maing1953,img(34).jpg,img(146).jpg,img(110).jpg,img(8).jpg,img(134).jpg
Hationlove,img(184).jpg,img(114).jpg,img(130).jpg,img(30).jpg,img(92).jpg,img(142).jpg
Forting,img(134).jpg,img(162).jpg,img(165).jpg
Efrely1944,img(236).jpg,img(11).jpg,img(195).jpg,img(10).jpg,img(209).jpg,img(138).jpg,img(186).jpg,img(157).jpg
Blem1944,img(168).jpg,img(79).jpg,img(239).jpg,img(185).jpg,img(89).jpg,img(129).jpg,img(6).jpg,img(93).jpg,img(114).jpg,img(39).jpg
Eing1961,img(195).jpg,img(74).jpg,img(181).jpg,img(69).jpg,img(182).jpg,img(195).jpg
Heratat,img(217).jpg,img(242).jpg,img(202).jpg,img(215).jpg,img(218).jpg,img(92).jpg,img(73).jpg,img(232).jpg,img(228).jpg,img(199).jpg
Suliterty72,img(108).jpg,img(152).jpg,img(149).jpg,img(150).jpg,img(27).jpg,img(94).jpg,img(74).jpg,img(50).jpg
Clinking,img(205).jpg,img(90).jpg,img(43).jpg
Higuen,img(143).jpg
Suat1972,img(34).jpg,img(136).jpg,img(245).jpg,img(153).jpg
Jusbancief,img(108).jpg,img(113).jpg,img(28).jpg
Lecladmands78,img(161).jpg,img(6).jpg,img(137).jpg,img(176).jpg,img(3).jpg,img(41).jpg,img(162).jpg,img(18).jpg,img(89).jpg
Trept1970,img(145).jpg,img(42).jpg,img(46).jpg,img(28).jpg,img(195).jpg
Wiflutay,img(84).jpg,img(193).jpg,img(226).jpg,img(85).jpg,img(52).jpg,img(82).jpg,img(137).jpg,img(98).jpg,img(29).jpg,img(27).jpg
Surialts79,img(166).jpg
Ated1958,img(77).jpg,img(168).jpg,img(35).jpg,img(218).jpg
Ishaves,img(72).jpg,img(34).jpg,img(189).jpg,img(60).jpg,img(228).jpg,img(183).jpg,img(40).jpg
Seenteage,img(13).jpg,img(58).jpg,img(101).jpg,img(20).jpg,img(125).jpg,img(30).jpg,img(107).jpg
Faverectoor,img(169).jpg,img(1).jpg,img(32).jpg
Knellf,img(136).jpg,img(90).jpg,img(35).jpg
Tinswas,img(34).jpg,img(223).jpg,img(238).jpg,img(161).jpg,img(117).jpg,img(28).jpg,img(96).jpg
Subt1942,img(122).jpg,img(168).jpg,img(234).jpg,img(173).jpg,img(104).jpg
Thum1997,img(16).jpg,img(112).jpg,img(91).jpg,img(26).jpg,img(131).jpg,img(186).jpg,img(83).jpg,img(110).jpg
Bain1963,img(57).jpg,img(55).jpg,img(190).jpg
Onve1991,img(227).jpg,img(142).jpg,img(5).jpg,img(47).jpg
Sirent,img(45).jpg,img(15).jpg,img(132).jpg,img(233).jpg,img(127).jpg
Besse1963,img(209).jpg,img(240).jpg,img(153).jpg,img(193).jpg,img(201).jpg,img(17).jpg,img(68).jpg,img(70).jpg,img(63).jpg,img(159).jpg
Aninilead,img(145).jpg,img(171).jpg,img(5).jpg,img(191).jpg,img(192).jpg,img(203).jpg,img(210).jpg,img(177).jpg
Beeirekee,img(164).jpg,img(221).jpg,img(70).jpg,img(114).jpg
Pribits,img(152).jpg,img(130).jpg,img(124).jpg,img(102).jpg,img(67).jpg,img(28).jpg
Upore1982,img(104).jpg,img(214).jpg
Haray1989,img(63).jpg,img(4).jpg,img(82).jpg,img(174).jpg,img(116).jpg,img(145).jpg,img(93).jpg,img(192).jpg,img(221).jpg
Thist1948,img(116).jpg,img(41).jpg,img(152).jpg,img(35).jpg,img(159).jpg,img(56).jpg,img(191).jpg,img(239).jpg,img(75).jpg,img(138).jpg
Coundtowned,img(48).jpg,img(145).jpg,img(190).jpg
Zing1973,img(1).jpg,img(150).jpg,img(38).jpg
Lightforgee,img(194).jpg,img(190).jpg,img(94).jpg
Throaked,img(57).jpg,img(164).jpg,img(134).jpg,img(153).jpg,img(132).jpg,img(71).jpg
Youtbreters,img(71).jpg,img(117).jpg,img(211).jpg,img(59).jpg,img(30).jpg,img(105).jpg
Suche1993,img(161).jpg
Thansin,img(132).jpg,img(144).jpg,img(104).jpg
Sionen,img(137).jpg,img(137).jpg,img(164).jpg,img(217).jpg,img(51).jpg,img(43).jpg,img(42).jpg,img(191).jpg,img(47).jpg,img(99).jpg
Joacknot,img(77).jpg,img(129).jpg,img(103).jpg,img(184).jpg
Mankis,img(79).jpg,img(175).jpg
Fetudiet,img(65).jpg,img(223).jpg,img(188).jpg
Theaverpre,img(148).jpg,img(36).jpg,img(109).jpg,img(218).jpg,img(179).jpg,img(226).jpg,img(31).jpg,img(39).jpg,img(71).jpg,img(88).jpg
Offece,img(118).jpg,img(105).jpg,img(15).jpg,img(89).jpg,img(13).jpg,img(88).jpg
Coneve,img(20).jpg
Afterid,img(122).jpg,img(101).jpg,img(111).jpg,img(123).jpg,img(11).jpg
Retak1944,img(66).jpg,img(10).jpg,img(207).jpg
Aliampat,img(161).jpg,img(183).jpg,img(57).jpg,img(243).jpg,img(181).jpg,img(28).jpg
Thor1956,img(159).jpg,img(200).jpg,img(72).jpg,img(102).jpg
Evized,img(38).jpg,img(113).jpg
Heigher,img(211).jpg,img(27).jpg,img(98).jpg
Conalothe,img(2).jpg
Thelf1948,img(72).jpg
Soraiderand,img(159).jpg
Mang1971,img(104).jpg,img(92).jpg,img(29).jpg,img(59).jpg,img(82).jpg
Viberand87,img(55).jpg,img(64).jpg,img(60).jpg
Vared1943,img(203).jpg,img(241).jpg,img(112).jpg,img(243).jpg,img(151).jpg,img(87).jpg,img(207).jpg,img(60).jpg,img(70).jpg,img(96).jpg
Themart,img(210).jpg,img(74).jpg,img(21).jpg,img(32).jpg,img(20).jpg,img(150).jpg,img(107).jpg,img(228).jpg
Frethe,img(6).jpg,img(29).jpg,img(4).jpg
Messin,img(12).jpg,img(155).jpg
Haroven,img(139).jpg,img(232).jpg,img(196).jpg,img(144).jpg,img(214).jpg
Fassescarde,img(185).jpg,img(103).jpg,img(234).jpg,img(169).jpg
Aninat,img(126).jpg,img(57).jpg,img(54).jpg
Ritter,img(230).jpg,img(195).jpg,img(151).jpg,img(164).jpg,img(144).jpg,img(164).jpg,img(235).jpg
Hinig1986,img(91).jpg,img(116).jpg,img(12).jpg,img(237).jpg
Alefoulader,img(27).jpg,img(36).jpg,img(7).jpg,img(110).jpg
Withery44,img(114).jpg,img(233).jpg,img(88).jpg,img(81).jpg
Thatme,img(35).jpg,img(71).jpg,img(30).jpg,img(43).jpg,img(133).jpg,img(181).jpg,img(41).jpg
Wrou1994,img(106).jpg,img(159).jpg,img(130).jpg,img(44).jpg
Althert,img(6).jpg,img(181).jpg,img(90).jpg,img(116).jpg,img(82).jpg
Minced,img(91).jpg,img(156).jpg,img(80).jpg,img(60).jpg,img(119).jpg,img(231).jpg,img(239).jpg,img(175).jpg,img(137).jpg,img(78).jpg
Twon2001,img(138).jpg,img(191).jpg,img(161).jpg,img(168).jpg,img(184).jpg
Hisherear,img(14).jpg,img(109).jpg,img(180).jpg
Tivervat1939,img(156).jpg,img(146).jpg,img(29).jpg,img(180).jpg,img(57).jpg,img(116).jpg
Thicid,img(226).jpg
Gaturrive,img(100).jpg,img(83).jpg,img(66).jpg
Agiver,img(98).jpg,img(72).jpg
Trachattee,img(56).jpg,img(228).jpg,img(50).jpg
Pritte1987,img(147).jpg,img(108).jpg,img(114).jpg,img(196).jpg,img(106).jpg,img(7).jpg,img(27).jpg,img(21).jpg,img(103).jpg,img(221).jpg
Worge1972,img(194).jpg,img(92).jpg,img(151).jpg,img(182).jpg
Natterser,img(125).jpg,img(76).jpg,img(82).jpg,img(84).jpg
Egesecun,img(97).jpg,img(45).jpg,img(142).jpg,img(138).jpg,img(235).jpg,img(41).jpg,img(17).jpg,img(194).jpg,img(225).jpg,img(181).jpg
Morthattly1948,img(174).jpg,img(9).jpg,img(13).jpg,img(3).jpg
Amplike,img(228).jpg,img(124).jpg,img(215).jpg,img(99).jpg,img(105).jpg,img(90).jpg,img(185).jpg,img(38).jpg,img(72).jpg
Begovere,img(124).jpg,img(58).jpg,img(206).jpg,img(178).jpg,img(49).jpg,img(175).jpg,img(201).jpg
Musupothers,img(94).jpg,img(121).jpg,img(53).jpg,img(105).jpg,img(129).jpg,img(74).jpg,img(11).jpg,img(244).jpg,img(95).jpg
Thembine,img(116).jpg,img(53).jpg,img(106).jpg,img(145).jpg,img(196).jpg,img(55).jpg,img(85).jpg
Crues1956,img(21).jpg,img(132).jpg,img(243).jpg
Almeth,img(90).jpg,img(213).jpg,img(1).jpg,img(219).jpg,img(204).jpg,img(54).jpg,img(24).jpg
Hablowiturt,img(75).jpg,img(112).jpg,img(133).jpg,img(150).jpg,img(196).jpg
Rawn1989,img(78).jpg,img(133).jpg,img(230).jpg,img(218).jpg,img(143).jpg,img(109).jpg,img(20).jpg
Coth1952,img(50).jpg,img(14).jpg,img(200).jpg
Oultaid,img(196).jpg,img(226).jpg
Shisher,img(201).jpg,img(242).jpg,img(7).jpg,img(76).jpg,img(159).jpg,img(175).jpg,img(211).jpg
Retharts83,img(28).jpg,img(245).jpg,img(186).jpg,img(120).jpg,img(42).jpg,img(189).jpg,img(35).jpg,img(41).jpg
Liser1992,img(21).jpg,img(242).jpg,img(172).jpg,img(130).jpg,img(204).jpg
Difewore,img(47).jpg,img(95).jpg
Eter1988,img(229).jpg,img(32).jpg,img(114).jpg,img(224).jpg,img(93).jpg
Hisidle,img(105).jpg,img(242).jpg,img(181).jpg
Tallay,img(226).jpg,img(185).jpg,img(101).jpg,img(245).jpg,img(155).jpg,img(140).jpg,img(147).jpg,img(204).jpg,img(205).jpg
Fiche1949,img(50).jpg,img(132).jpg,img(118).jpg
Donve1949,img(31).jpg,img(106).jpg,img(48).jpg,img(57).jpg,img(29).jpg,img(88).jpg
Leting,img(48).jpg,img(26).jpg,img(31).jpg
Thinint,img(70).jpg,img(211).jpg,img(185).jpg,img(203).jpg,img(18).jpg,img(234).jpg,img(7).jpg
Nattighe,img(140).jpg,img(131).jpg,img(51).jpg,img(82).jpg,img(144).jpg
Alose1946,img(13).jpg,img(34).jpg,img(29).jpg
Teps1979,img(213).jpg,img(43).jpg
Perainchis,img(212).jpg,img(207).jpg,img(102).jpg
Stented,img(77).jpg,img(241).jpg,img(89).jpg
Dialletrem,img(129).jpg,img(237).jpg
Leou1976,img(206).jpg
Befordents,img(99).jpg,img(13).jpg,img(62).jpg,img(97).jpg,img(215).jpg
Fembecting,img(29).jpg,img(133).jpg,img(210).jpg,img(209).jpg,img(32).jpg,img(149).jpg,img(83).jpg,img(216).jpg,img(184).jpg,img(74).jpg
Throas,img(203).jpg,img(222).jpg,img(159).jpg,img(108).jpg,img(31).jpg,img(97).jpg
Obesson1981,img(201).jpg
Litend,img(133).jpg,img(40).jpg,img(109).jpg,img(199).jpg,img(125).jpg
Extur1990,img(160).jpg,img(232).jpg
Anninflow,img(202).jpg,img(1).jpg,img(41).jpg
Sooks1935,img(134).jpg,img(225).jpg,img(113).jpg,img(61).jpg,img(6).jpg,img(43).jpg,img(200).jpg,img(2).jpg,img(183).jpg
Faletive,img(30).jpg
Seepas70,img(204).jpg,img(194).jpg,img(81).jpg,img(130).jpg,img(59).jpg,img(108).jpg,img(112).jpg
Primuch,img(34).jpg,img(5).jpg,img(187).jpg
Froy1992,img(118).jpg,img(118).jpg,img(223).jpg
Leffift,img(85).jpg,img(75).jpg
Wamill,img(164).jpg,img(18).jpg,img(9).jpg,img(210).jpg,img(209).jpg,img(98).jpg
Knews1937,img(122).jpg,img(203).jpg,img(106).jpg,img(103).jpg,img(150).jpg,img(181).jpg,img(129).jpg,img(218).jpg
Alst1996,img(45).jpg,img(39).jpg
Foresting,img(14).jpg,img(120).jpg,img(171).jpg,img(159).jpg,img(134).jpg,img(148).jpg,img(22).jpg
Bected,img(53).jpg,img(164).jpg,img(17).jpg,img(38).jpg,img(102).jpg,img(147).jpg,img(238).jpg
Stairdle,img(42).jpg,img(18).jpg,img(42).jpg,img(179).jpg,img(53).jpg,img(55).jpg,img(144).jpg
Timstrance,img(5).jpg
Shours,img(200).jpg,img(237).jpg,img(73).jpg
Hered1995,img(234).jpg
Verting,img(61).jpg,img(171).jpg,img(42).jpg,img(127).jpg,img(76).jpg,img(138).jpg
Wimplende,img(8).jpg,img(241).jpg,img(39).jpg,img(182).jpg,img(13).jpg,img(129).jpg,img(160).jpg,img(243).jpg,img(32).jpg,img(162).jpg
Condeeng97,img(156).jpg,img(202).jpg,img(8).jpg,img(206).jpg,img(74).jpg,img(145).jpg,img(97).jpg,img(238).jpg
Essfull71,img(104).jpg,img(40).jpg,img(214).jpg,img(183).jpg,img(186).jpg,img(60).jpg,img(166).jpg,img(156).jpg,img(209).jpg
Luted1987,img(91).jpg,img(76).jpg
Pulty1936,img(52).jpg,img(58).jpg,img(76).jpg
Pliver,img(99).jpg,img(149).jpg,img(24).jpg,img(151).jpg,img(218).jpg,img(67).jpg,img(1).jpg
Morrect,img(240).jpg,img(189).jpg,img(191).jpg,img(28).jpg,img(137).jpg,img(191).jpg,img(76).jpg
Blecliked,img(215).jpg,img(140).jpg
Thatera,img(20).jpg,img(8).jpg,img(155).jpg
Againcelow,img(161).jpg,img(26).jpg,img(165).jpg,img(55).jpg,img(47).jpg,img(47).jpg
Loonts,img(62).jpg
Reartiong,img(243).jpg,img(113).jpg,img(122).jpg,img(121).jpg,img(82).jpg,img(46).jpg,img(107).jpg,img(29).jpg,img(5).jpg,img(226).jpg
Mortang,img(118).jpg,img(26).jpg,img(24).jpg,img(169).jpg,img(200).jpg,img(2).jpg,img(226).jpg
Lung1982,img(213).jpg,img(159).jpg,img(84).jpg,img(48).jpg,img(2).jpg,img(6).jpg,img(181).jpg,img(88).jpg
Himmest,img(224).jpg,img(138).jpg,img(157).jpg,img(124).jpg,img(138).jpg,img(158).jpg,img(25).jpg,img(197).jpg,img(207).jpg,img(235).jpg
Whouners,img(49).jpg,img(94).jpg
Tandishe,img(229).jpg,img(198).jpg,img(25).jpg
Funtoink,img(51).jpg,img(39).jpg,img(20).jpg,img(228).jpg
Wivereore,img(45).jpg,img(135).jpg,img(6).jpg,img(99).jpg
Inny1967,img(140).jpg,img(162).jpg,img(213).jpg,img(205).jpg
Porticed,img(27).jpg,img(181).jpg,img(10).jpg,img(83).jpg,img(18).jpg
Wasseene1976,img(124).jpg,img(13).jpg,img(181).jpg,img(165).jpg,img(147).jpg,img(32).jpg
Abook1944,img(29).jpg,img(105).jpg,img(176).jpg,img(153).jpg,img(139).jpg,img(68).jpg,img(193).jpg,img(57).jpg
Tobounce,img(13).jpg,img(54).jpg,img(204).jpg
Suffele,img(50).jpg,img(31).jpg,img(201).jpg,img(33).jpg,img(139).jpg,img(159).jpg
Spose1986,img(94).jpg,img(211).jpg,img(33).jpg
Indich,img(23).jpg
Offined,img(68).jpg,img(180).jpg,img(119).jpg,img(180).jpg,img(70).jpg,img(162).jpg,img(133).jpg
Tweveseen,img(119).jpg,img(152).jpg,img(209).jpg,img(198).jpg,img(232).jpg
Dregat1988,img(68).jpg,img(203).jpg,img(158).jpg,img(42).jpg
Thelarm,img(198).jpg,img(63).jpg,img(60).jpg,img(126).jpg,img(108).jpg
Arpich,img(137).jpg,img(185).jpg,img(122).jpg,img(175).jpg,img(79).jpg,img(45).jpg,img(161).jpg,img(82).jpg,img(213).jpg,img(160).jpg
Waskeepat,img(218).jpg,img(1).jpg,img(120).jpg,img(171).jpg,img(217).jpg,img(102).jpg
Rintuffight,img(205).jpg,img(20).jpg,img(12).jpg,img(238).jpg,img(214).jpg,img(81).jpg,img(15).jpg,img(14).jpg
Brothe,img(168).jpg,img(53).jpg,img(122).jpg,img(63).jpg,img(47).jpg,img(67).jpg,img(147).jpg,img(90).jpg,img(179).jpg,img(64).jpg
Wasuffeen,img(209).jpg,img(178).jpg,img(56).jpg
Splight,img(78).jpg,img(26).jpg,img(193).jpg,img(108).jpg,img(106).jpg,img(241).jpg,img(107).jpg,img(21).jpg,img(179).jpg
Neastathard,img(131).jpg,img(86).jpg
Aphervin,img(174).jpg,img(134).jpg,img(61).jpg
Nowhimed69,img(44).jpg,img(46).jpg,img(160).jpg,img(165).jpg,img(6).jpg
Sabighter,img(179).jpg,img(141).jpg,img(81).jpg,img(148).jpg,img(66).jpg,img(85).jpg,img(2).jpg,img(18).jpg,img(73).jpg
Luctly63,img(132).jpg,img(228).jpg
Saughts,img(152).jpg,img(67).jpg,img(41).jpg,img(190).jpg,img(234).jpg,img(20).jpg,img(136).jpg,img(113).jpg,img(14).jpg
Witurver,img(55).jpg,img(120).jpg,img(127).jpg
Boyeakes,img(238).jpg,img(6).jpg,img(157).jpg,img(86).jpg,img(36).jpg,img(152).jpg
Youlle,img(115).jpg,img(184).jpg
Aceas1977,img(67).jpg,img(43).jpg,img(142).jpg,img(110).jpg,img(216).jpg
Tortar,img(191).jpg,img(78).jpg,img(169).jpg,img(241).jpg,img(164).jpg,img(16).jpg,img(117).jpg,img(19).jpg,img(107).jpg,img(84).jpg
Thersocce,img(169).jpg,img(109).jpg,img(109).jpg,img(170).jpg,img(87).jpg,img(84).jpg,img(220).jpg,img(216).jpg
Undes1959,img(169).jpg,img(13).jpg,img(1).jpg,img(35).jpg,img(31).jpg,img(79).jpg
Fackons,img(192).jpg,img(35).jpg,img(157).jpg,img(46).jpg,img(54).jpg,img(40).jpg,img(38).jpg
Thatert,img(158).jpg,img(16).jpg,img(78).jpg,img(68).jpg,img(79).jpg,img(35).jpg,img(67).jpg
Paten1940,img(166).jpg,img(87).jpg,img(162).jpg,img(74).jpg,img(181).jpg,img(131).jpg,img(48).jpg
Wriblaymeapt63,img(43).jpg,img(230).jpg,img(94).jpg,img(133).jpg,img(178).jpg,img(143).jpg
Liser1993,img(148).jpg
Arishe,img(182).jpg,img(117).jpg,img(152).jpg
Gintre55,img(128).jpg,img(164).jpg,img(236).jpg,img(162).jpg
Goins1935,img(175).jpg,img(174).jpg
Theine,img(138).jpg,img(204).jpg,img(92).jpg,img(162).jpg,img(152).jpg,img(53).jpg,img(234).jpg,img(78).jpg,img(147).jpg,img(229).jpg
Noremse,img(69).jpg
Afroping,img(230).jpg
Royest85,img(141).jpg,img(245).jpg,img(98).jpg,img(241).jpg
Forgest59,img(33).jpg,img(151).jpg,img(115).jpg,img(139).jpg
Beeforgent1997,img(192).jpg,img(98).jpg,img(66).jpg,img(158).jpg,img(33).jpg,img(245).jpg,img(181).jpg,img(151).jpg,img(160).jpg,img(64).jpg
Contable,img(186).jpg,img(43).jpg,img(167).jpg,img(16).jpg,img(92).jpg,img(239).jpg
Paide1973,img(62).jpg,img(105).jpg,img(19).jpg,img(188).jpg,img(208).jpg,img(109).jpg
Sheary,img(84).jpg,img(70).jpg
Wherch,img(233).jpg,img(204).jpg,img(236).jpg,img(24).jpg,img(73).jpg,img(224).jpg,img(88).jpg,img(162).jpg
Equaidell,img(104).jpg,img(205).jpg,img(242).jpg,img(226).jpg,img(124).jpg
Theyout,img(44).jpg,img(175).jpg,img(237).jpg,img(1).jpg,img(95).jpg,img(229).jpg,img(241).jpg,img(137).jpg
Wimen1973,img(239).jpg,img(158).jpg,img(10).jpg,img(178).jpg,img(169).jpg,img(102).jpg,img(90).jpg,img(14).jpg
Partunted,img(30).jpg,img(20).jpg,img(74).jpg,img(228).jpg,img(230).jpg,img(212).jpg,img(212).jpg
Mrsentlittly,img(95).jpg,img(52).jpg,img(13).jpg
Heraturs,img(237).jpg,img(235).jpg,img(215).jpg,img(104).jpg,img(174).jpg,img(236).jpg,img(180).jpg,img(93).jpg,img(59).jpg
Thicity,img(109).jpg,img(236).jpg,img(90).jpg,img(194).jpg,img(178).jpg,img(13).jpg,img(244).jpg,img(183).jpg,img(156).jpg,img(242).jpg
Lareltat,img(165).jpg,img(160).jpg,img(5).jpg,img(21).jpg,img(101).jpg,img(11).jpg,img(96).jpg,img(6).jpg,img(83).jpg,img(227).jpg
Hices1975,img(161).jpg
Notney,img(172).jpg,img(179).jpg,img(64).jpg,img(207).jpg,img(199).jpg,img(158).jpg,img(145).jpg,img(18).jpg
Thouthe,img(64).jpg,img(203).jpg,img(46).jpg,img(203).jpg,img(158).jpg,img(36).jpg,img(26).jpg,img(172).jpg,img(163).jpg,img(238).jpg
Efoody,img(4).jpg,img(115).jpg,img(214).jpg,img(33).jpg,img(192).jpg,img(162).jpg,img(195).jpg
Mexamo,img(19).jpg,img(85).jpg,img(72).jpg,img(72).jpg,img(60).jpg,img(85).jpg,img(68).jpg,img(166).jpg,img(207).jpg,img(187).jpg
Brud1964,img(71).jpg,img(26).jpg,img(54).jpg,img(13).jpg
Allatish48,img(113).jpg
Vint1993,img(184).jpg,img(217).jpg,img(147).jpg,img(150).jpg,img(91).jpg,img(161).jpg,img(104).jpg,img(198).jpg,img(88).jpg
Evenand51,img(91).jpg,img(10).jpg,img(12).jpg,img(59).jpg
Andinse,img(138).jpg,img(145).jpg,img(68).jpg,img(36).jpg,img(18).jpg,img(101).jpg,img(25).jpg
Salothe,img(79).jpg,img(51).jpg,img(128).jpg,img(147).jpg,img(103).jpg
Soulactings,img(14).jpg,img(166).jpg,img(122).jpg,img(166).jpg,img(33).jpg,img(43).jpg,img(7).jpg,img(121).jpg,img(146).jpg
Hame1970,img(120).jpg,img(52).jpg,img(163).jpg,img(177).jpg,img(179).jpg,img(94).jpg,img(86).jpg,img(119).jpg
Pors1970,img(136).jpg,img(243).jpg,img(139).jpg
Examoster,img(102).jpg,img(94).jpg,img(130).jpg,img(67).jpg,img(146).jpg
Ontled,img(182).jpg,img(186).jpg,img(155).jpg,img(66).jpg,img(220).jpg,img(60).jpg,img(149).jpg,img(151).jpg
Pridn1943,img(186).jpg,img(44).jpg,img(148).jpg,img(169).jpg,img(221).jpg,img(208).jpg,img(165).jpg,img(28).jpg,img(220).jpg,img(55).jpg
Oulds1974,img(54).jpg,img(185).jpg
Cumpoing,img(42).jpg
Coulp1956,img(203).jpg
Dentry80,img(182).jpg,img(160).jpg,img(90).jpg,img(203).jpg,img(87).jpg,img(43).jpg,img(101).jpg,img(70).jpg
Annere1956,img(91).jpg,img(119).jpg,img(152).jpg,img(55).jpg,img(99).jpg,img(233).jpg,img(130).jpg,img(58).jpg,img(119).jpg
Saidemn,img(38).jpg,img(213).jpg,img(27).jpg,img(243).jpg,img(109).jpg,img(62).jpg
Mores1980,img(174).jpg,img(42).jpg
Glionou,img(35).jpg,img(116).jpg,img(185).jpg,img(150).jpg,img(212).jpg,img(172).jpg,img(51).jpg
Tratc1959,img(138).jpg,img(133).jpg,img(210).jpg,img(225).jpg,img(38).jpg,img(47).jpg,img(37).jpg,img(104).jpg,img(228).jpg
Inhat1946,img(101).jpg,img(117).jpg,img(15).jpg,img(96).jpg,img(184).jpg
Thornested72,img(237).jpg,img(14).jpg,img(74).jpg
Erybousbaby1955,img(182).jpg,img(223).jpg
Ereun1997,img(149).jpg,img(181).jpg,img(206).jpg,img(234).jpg,img(216).jpg,img(138).jpg,img(100).jpg,img(5).jpg
Buseagnight95,img(159).jpg,img(160).jpg,img(4).jpg,img(124).jpg,img(66).jpg,img(165).jpg,img(126).jpg,img(14).jpg,img(185).jpg
Butiou,img(123).jpg
Butertench,img(149).jpg,img(34).jpg,img(237).jpg,img(219).jpg,img(125).jpg,img(63).jpg,img(186).jpg,img(134).jpg
Pereadesen,img(161).jpg,img(30).jpg,img(154).jpg,img(156).jpg,img(196).jpg,img(149).jpg,img(162).jpg,img(203).jpg,img(43).jpg,img(182).jpg
CoÃ¶ped,img(88).jpg,img(232).jpg,img(34).jpg,img(134).jpg,img(132).jpg,img(120).jpg,img(162).jpg
Uposecushers,img(75).jpg,img(187).jpg,img(234).jpg,img(236).jpg
Washat77,img(69).jpg,img(60).jpg,img(134).jpg,img(199).jpg,img(195).jpg,img(120).jpg,img(143).jpg
Panking,img(49).jpg,img(93).jpg,img(80).jpg,img(167).jpg,img(211).jpg
Prionsprould1979,img(151).jpg,img(222).jpg,img(89).jpg,img(25).jpg,img(95).jpg,img(5).jpg
Onnithashe,img(27).jpg,img(233).jpg,img(144).jpg,img(141).jpg,img(237).jpg,img(169).jpg,img(199).jpg,img(233).jpg,img(210).jpg
Peraings,img(84).jpg,img(132).jpg,img(221).jpg,img(181).jpg,img(110).jpg
Buttenot,img(157).jpg,img(109).jpg,img(78).jpg,img(123).jpg,img(33).jpg,img(27).jpg,img(12).jpg,img(33).jpg,img(133).jpg
Thentrue,img(37).jpg
Whiscoget,img(226).jpg,img(43).jpg,img(89).jpg,img(237).jpg,img(89).jpg
Dogried,img(242).jpg,img(226).jpg,img(155).jpg,img(175).jpg,img(145).jpg,img(99).jpg,img(100).jpg,img(147).jpg,img(166).jpg,img(149).jpg
Wharned,img(196).jpg,img(10).jpg
Restroulner,img(200).jpg
Betre1997,img(127).jpg
Licep1956,img(137).jpg,img(42).jpg,img(158).jpg,img(60).jpg,img(189).jpg,img(224).jpg,img(31).jpg
Rearandeas,img(142).jpg,img(156).jpg,img(31).jpg,img(121).jpg,img(98).jpg,img(237).jpg,img(94).jpg,img(158).jpg
Vence1988,img(94).jpg,img(147).jpg,img(209).jpg,img(116).jpg
Mustent,img(10).jpg,img(42).jpg,img(7).jpg,img(53).jpg,img(27).jpg
Theat1989,img(239).jpg,img(21).jpg,img(78).jpg,img(66).jpg,img(232).jpg
Ratint,img(9).jpg,img(73).jpg,img(11).jpg,img(201).jpg,img(223).jpg
Sonfeaughe,img(5).jpg,img(241).jpg
Tralren70,img(30).jpg,img(100).jpg,img(169).jpg,img(8).jpg,img(123).jpg,img(3).jpg,img(4).jpg,img(54).jpg,img(6).jpg
Mincerety,img(91).jpg,img(203).jpg,img(193).jpg,img(152).jpg,img(77).jpg,img(28).jpg
Grahme1938,img(161).jpg,img(187).jpg,img(133).jpg,img(92).jpg,img(65).jpg,img(169).jpg,img(32).jpg,img(50).jpg,img(35).jpg,img(169).jpg
Abor1995,img(185).jpg,img(205).jpg,img(216).jpg,img(133).jpg
Afterand,img(150).jpg
Angthe,img(56).jpg,img(234).jpg,img(109).jpg
Thembleavelf,img(45).jpg,img(188).jpg,img(239).jpg,img(86).jpg,img(79).jpg,img(177).jpg,img(16).jpg,img(212).jpg
Ancticipse,img(72).jpg,img(110).jpg,img(93).jpg,img(122).jpg,img(182).jpg,img(53).jpg,img(159).jpg,img(159).jpg,img(138).jpg
Aboustinger85,img(200).jpg,img(168).jpg,img(140).jpg
Hinglew,img(194).jpg,img(133).jpg,img(131).jpg,img(19).jpg,img(83).jpg,img(107).jpg,img(110).jpg
Hompsed,img(116).jpg,img(59).jpg,img(85).jpg,img(61).jpg,img(35).jpg
Nobbing62,img(152).jpg,img(23).jpg
Anibittly,img(16).jpg,img(177).jpg,img(231).jpg,img(233).jpg,img(147).jpg,img(157).jpg
Heizieray,img(7).jpg
Qualis1954,img(132).jpg,img(231).jpg,img(164).jpg,img(47).jpg,img(206).jpg,img(84).jpg
Annere,img(110).jpg,img(7).jpg
Hounat,img(135).jpg,img(112).jpg
Forgent,img(65).jpg,img(217).jpg,img(125).jpg,img(105).jpg,img(132).jpg,img(143).jpg,img(159).jpg
Magaressed,img(114).jpg,img(243).jpg,img(31).jpg
Criniveran,img(144).jpg,img(101).jpg,img(78).jpg,img(171).jpg,img(204).jpg,img(5).jpg,img(60).jpg
Inar1964,img(18).jpg,img(171).jpg,img(197).jpg,img(63).jpg,img(166).jpg,img(38).jpg,img(97).jpg,img(13).jpg
Bluddre,img(8).jpg,img(104).jpg,img(113).jpg,img(147).jpg,img(191).jpg
Nihing,img(95).jpg,img(124).jpg,img(76).jpg,img(151).jpg,img(123).jpg,img(44).jpg,img(31).jpg
Broleyed,img(239).jpg,img(76).jpg,img(5).jpg,img(122).jpg,img(160).jpg
Woung1970,img(163).jpg,img(81).jpg,img(150).jpg,img(173).jpg,img(24).jpg,img(66).jpg,img(65).jpg,img(197).jpg
Rodut1975,img(242).jpg,img(232).jpg,img(199).jpg,img(239).jpg
Beform,img(50).jpg,img(238).jpg,img(133).jpg,img(138).jpg,img(104).jpg,img(210).jpg,img(46).jpg,img(91).jpg
Hargent,img(204).jpg,img(220).jpg,img(184).jpg,img(127).jpg,img(183).jpg,img(98).jpg,img(239).jpg,img(39).jpg,img(170).jpg
Haime1940,img(125).jpg,img(177).jpg,img(77).jpg,img(121).jpg,img(115).jpg,img(157).jpg,img(79).jpg,img(104).jpg,img(194).jpg,img(106).jpg
Evours,img(217).jpg,img(227).jpg,img(148).jpg,img(38).jpg,img(142).jpg,img(24).jpg,img(136).jpg,img(105).jpg
Illudge01,img(63).jpg,img(74).jpg,img(164).jpg,img(142).jpg,img(38).jpg,img(179).jpg
Efors1949,img(191).jpg,img(32).jpg,img(34).jpg,img(78).jpg,img(114).jpg,img(202).jpg,img(14).jpg,img(80).jpg,img(218).jpg,img(243).jpg
Witiceir,img(216).jpg,img(161).jpg
Sommic,img(185).jpg,img(121).jpg,img(162).jpg
Acantiming1954,img(145).jpg,img(208).jpg
Nect1990,img(244).jpg,img(26).jpg,img(26).jpg,img(73).jpg,img(111).jpg,img(175).jpg
Infle1995,img(104).jpg,img(108).jpg,img(158).jpg,img(41).jpg
Wouter,img(182).jpg,img(72).jpg,img(34).jpg,img(155).jpg,img(127).jpg,img(189).jpg,img(206).jpg,img(37).jpg
Agerelf,img(135).jpg
Grot1969,img(62).jpg,img(96).jpg,img(99).jpg,img(135).jpg,img(1).jpg,img(146).jpg,img(78).jpg,img(97).jpg
Tross1993,img(30).jpg,img(70).jpg
Bobst1960,img(150).jpg,img(100).jpg,img(79).jpg,img(101).jpg,img(189).jpg,img(173).jpg,img(104).jpg,img(41).jpg,img(99).jpg
Adlial,img(140).jpg,img(203).jpg,img(115).jpg,img(136).jpg
Gamprot,img(97).jpg,img(189).jpg,img(159).jpg,img(58).jpg,img(129).jpg,img(208).jpg,img(194).jpg,img(188).jpg,img(26).jpg
Hadvieterell,img(185).jpg,img(168).jpg,img(210).jpg,img(49).jpg
Ariestabox,img(200).jpg,img(142).jpg,img(215).jpg,img(29).jpg,img(102).jpg,img(241).jpg
Goist1955,img(33).jpg,img(45).jpg,img(25).jpg,img(188).jpg,img(213).jpg,img(217).jpg,img(206).jpg,img(154).jpg,img(23).jpg,img(56).jpg
Afters,img(236).jpg,img(24).jpg,img(131).jpg
Makined68,img(171).jpg,img(54).jpg,img(14).jpg,img(179).jpg,img(150).jpg,img(94).jpg,img(109).jpg,img(242).jpg
Aday1935,img(67).jpg,img(14).jpg,img(145).jpg,img(56).jpg,img(84).jpg,img(101).jpg,img(235).jpg,img(91).jpg,img(202).jpg
Plon1977,img(20).jpg,img(56).jpg,img(228).jpg,img(139).jpg,img(185).jpg,img(24).jpg,img(193).jpg
Notearen,img(209).jpg,img(171).jpg,img(172).jpg,img(121).jpg
Unfortuabood,img(181).jpg,img(72).jpg,img(201).jpg,img(74).jpg,img(82).jpg
Aleirt,img(95).jpg
Counce96,img(52).jpg,img(16).jpg,img(97).jpg,img(115).jpg,img(80).jpg
Evet2000,img(162).jpg,img(126).jpg,img(191).jpg,img(209).jpg,img(103).jpg,img(161).jpg,img(144).jpg,img(66).jpg,img(165).jpg
Vised1974,img(39).jpg,img(89).jpg,img(215).jpg,img(4).jpg
Piceat,img(139).jpg,img(242).jpg
Kneince1952,img(53).jpg,img(16).jpg
Discully,img(65).jpg,img(99).jpg,img(121).jpg
Giall1990,img(58).jpg,img(146).jpg,img(207).jpg,img(90).jpg,img(16).jpg
Faidn1982,img(191).jpg,img(102).jpg,img(64).jpg
Thercured,img(143).jpg,img(229).jpg,img(196).jpg,img(131).jpg,img(211).jpg,img(97).jpg,img(223).jpg,img(105).jpg,img(32).jpg,img(120).jpg
Saimed,img(181).jpg
Dooloverity,img(142).jpg,img(188).jpg,img(87).jpg,img(61).jpg,img(242).jpg,img(36).jpg,img(68).jpg,img(14).jpg
Manselits,img(235).jpg,img(37).jpg,img(55).jpg,img(160).jpg,img(42).jpg,img(163).jpg,img(168).jpg
Hising,img(84).jpg,img(21).jpg,img(94).jpg,img(2).jpg,img(28).jpg,img(11).jpg,img(130).jpg,img(192).jpg,img(197).jpg
Whatinat1946,img(164).jpg,img(39).jpg,img(44).jpg,img(25).jpg
Themake,img(88).jpg,img(195).jpg,img(240).jpg,img(48).jpg
Criesuck1938,img(49).jpg
Reenter,img(83).jpg,img(55).jpg,img(185).jpg,img(185).jpg,img(6).jpg,img(6).jpg,img(32).jpg,img(39).jpg,img(208).jpg,img(10).jpg
Oblett,img(105).jpg,img(155).jpg,img(238).jpg,img(178).jpg,img(6).jpg,img(107).jpg,img(203).jpg
Witace54,img(78).jpg,img(45).jpg,img(9).jpg,img(125).jpg,img(193).jpg,img(57).jpg
Esethe,img(27).jpg,img(127).jpg,img(88).jpg,img(213).jpg
Lingthe,img(239).jpg,img(189).jpg,img(127).jpg,img(159).jpg,img(220).jpg,img(55).jpg,img(9).jpg,img(13).jpg,img(167).jpg
Maiduc1979,img(151).jpg,img(113).jpg,img(157).jpg
Promese73,img(146).jpg,img(53).jpg,img(189).jpg,img(30).jpg,img(227).jpg,img(57).jpg,img(173).jpg,img(102).jpg,img(161).jpg
Tallay,img(48).jpg,img(156).jpg,img(127).jpg,img(134).jpg,img(200).jpg,img(205).jpg,img(115).jpg
Thres1966,img(154).jpg,img(118).jpg
Thatithe,img(199).jpg,img(242).jpg,img(160).jpg,img(139).jpg,img(12).jpg,img(79).jpg,img(143).jpg
Othapprocy,img(180).jpg,img(55).jpg,img(241).jpg,img(208).jpg,img(23).jpg,img(58).jpg
Lanythe,img(69).jpg,img(218).jpg
Saterring,img(183).jpg,img(215).jpg
Cole1993,img(21).jpg,img(207).jpg,img(25).jpg,img(219).jpg
Historl74,img(230).jpg,img(150).jpg,img(77).jpg,img(175).jpg,img(82).jpg
Meme1950,img(61).jpg,img(22).jpg,img(101).jpg,img(64).jpg,img(177).jpg,img(50).jpg,img(34).jpg,img(214).jpg,img(2).jpg,img(116).jpg
Thiss1999,img(66).jpg,img(195).jpg,img(201).jpg,img(51).jpg
Herhumbrod,img(47).jpg
Luffird69,img(71).jpg,img(150).jpg,img(203).jpg,img(52).jpg,img(203).jpg,img(94).jpg
Capper,img(159).jpg,img(216).jpg,img(20).jpg,img(197).jpg,img(219).jpg,img(29).jpg,img(231).jpg,img(27).jpg
Sitch1966,img(55).jpg,img(109).jpg,img(14).jpg,img(115).jpg,img(56).jpg,img(228).jpg,img(44).jpg,img(202).jpg,img(174).jpg,img(120).jpg
Winse1995,img(128).jpg,img(188).jpg,img(195).jpg
Ablearm,img(91).jpg,img(60).jpg,img(26).jpg,img(157).jpg,img(204).jpg,img(91).jpg
Ackles,img(33).jpg,img(191).jpg,img(121).jpg,img(84).jpg,img(115).jpg,img(172).jpg,img(23).jpg
Nocarain1949,img(169).jpg
Butful47,img(114).jpg,img(142).jpg,img(186).jpg,img(121).jpg
Badmight1940,img(194).jpg,img(24).jpg,img(184).jpg,img(233).jpg,img(47).jpg,img(41).jpg,img(174).jpg
Phisiber,img(206).jpg,img(192).jpg,img(58).jpg,img(55).jpg,img(194).jpg,img(242).jpg,img(13).jpg,img(99).jpg,img(196).jpg
Thiets,img(66).jpg,img(30).jpg,img(106).jpg,img(101).jpg,img(52).jpg,img(107).jpg,img(67).jpg,img(70).jpg,img(25).jpg,img(96).jpg
Piceaction,img(91).jpg,img(79).jpg,img(101).jpg,img(61).jpg
Fustrut1994,img(120).jpg,img(168).jpg,img(120).jpg,img(74).jpg,img(68).jpg,img(2).jpg,img(148).jpg,img(74).jpg,img(227).jpg
Hishentimed,img(222).jpg,img(27).jpg,img(175).jpg,img(152).jpg,img(88).jpg,img(186).jpg,img(5).jpg
Hentwonce,img(136).jpg,img(184).jpg,img(204).jpg
Lentreg,img(206).jpg
Harturch,img(159).jpg,img(25).jpg,img(217).jpg,img(171).jpg,img(105).jpg,img(188).jpg,img(190).jpg,img(180).jpg
Sains1975,img(160).jpg,img(172).jpg,img(162).jpg,img(48).jpg,img(15).jpg
Formien,img(83).jpg,img(99).jpg,img(89).jpg
Poess1994,img(183).jpg,img(60).jpg,img(87).jpg,img(151).jpg,img(23).jpg,img(30).jpg,img(76).jpg,img(29).jpg,img(167).jpg,img(214).jpg
Hicte2000,img(116).jpg,img(226).jpg,img(106).jpg,img(199).jpg,img(165).jpg,img(161).jpg
Thising,img(135).jpg,img(44).jpg,img(121).jpg
Advit1979,img(100).jpg,img(163).jpg,img(25).jpg,img(176).jpg
Froact1956,img(243).jpg,img(112).jpg,img(239).jpg,img(161).jpg,img(183).jpg
Halicur1994,img(107).jpg,img(89).jpg,img(73).jpg,img(80).jpg,img(34).jpg,img(194).jpg,img(143).jpg
Poselle,img(129).jpg,img(190).jpg,img(151).jpg,img(141).jpg,img(126).jpg,img(155).jpg
Foraceir,img(96).jpg,img(159).jpg,img(81).jpg,img(85).jpg,img(124).jpg
Hatterouble,img(211).jpg,img(196).jpg,img(63).jpg,img(142).jpg,img(52).jpg,img(211).jpg,img(33).jpg,img(57).jpg
Boothat,img(205).jpg,img(95).jpg,img(12).jpg,img(47).jpg,img(31).jpg
Hiscond,img(237).jpg,img(214).jpg,img(141).jpg,img(13).jpg,img(136).jpg,img(43).jpg,img(241).jpg,img(51).jpg,img(146).jpg
Waskey,img(235).jpg,img(242).jpg,img(179).jpg,img(16).jpg,img(12).jpg
Vatte1954,img(223).jpg,img(16).jpg,img(17).jpg,img(150).jpg,img(128).jpg,img(14).jpg,img(123).jpg,img(160).jpg,img(22).jpg,img(177).jpg
Thearod,img(62).jpg
Surew1992,img(111).jpg,img(128).jpg
Evence,img(59).jpg,img(28).jpg
Wonelf,img(94).jpg,img(242).jpg,img(63).jpg,img(3).jpg,img(182).jpg
Witiferce,img(18).jpg,img(153).jpg
Nothers,img(138).jpg,img(44).jpg,img(183).jpg,img(228).jpg,img(102).jpg,img(59).jpg,img(97).jpg,img(94).jpg,img(172).jpg,img(85).jpg
Stonclused54,img(92).jpg,img(119).jpg,img(241).jpg,img(237).jpg,img(87).jpg,img(15).jpg,img(147).jpg,img(25).jpg
Candect,img(134).jpg,img(169).jpg,img(47).jpg,img(179).jpg,img(72).jpg
Gosed1999,img(7).jpg,img(158).jpg,img(153).jpg,img(25).jpg,img(235).jpg
Thationfing,img(212).jpg,img(120).jpg,img(180).jpg,img(77).jpg,img(19).jpg,img(62).jpg,img(167).jpg
Pronessi,img(6).jpg,img(213).jpg,img(67).jpg,img(236).jpg,img(84).jpg,img(124).jpg,img(24).jpg,img(28).jpg,img(173).jpg,img(75).jpg
Govers,img(124).jpg
Woonesuf,img(93).jpg
Cized1975,img(59).jpg,img(175).jpg,img(216).jpg,img(198).jpg
Fincire,img(157).jpg,img(125).jpg,img(135).jpg
Angsts,img(176).jpg,img(115).jpg,img(239).jpg,img(134).jpg,img(9).jpg,img(108).jpg,img(214).jpg,img(149).jpg,img(108).jpg,img(19).jpg
Proce1976,img(104).jpg,img(7).jpg
Propen,img(105).jpg,img(137).jpg,img(24).jpg,img(191).jpg
Youggairch1974,img(233).jpg,img(42).jpg
Dozence,img(179).jpg,img(76).jpg,img(163).jpg
Ressoare1971,img(100).jpg,img(100).jpg
Mitte2000,img(89).jpg
Rived1956,img(55).jpg
Asen1978,img(52).jpg,img(1).jpg,img(162).jpg
Decroure,img(222).jpg
Themaged,img(86).jpg,img(88).jpg,img(158).jpg,img(47).jpg,img(58).jpg,img(135).jpg,img(38).jpg
Slied1958,img(230).jpg,img(50).jpg,img(204).jpg,img(177).jpg,img(110).jpg,img(100).jpg,img(242).jpg
Upond1960,img(174).jpg
Prionsprould,img(6).jpg,img(121).jpg,img(178).jpg,img(234).jpg,img(34).jpg,img(163).jpg
Nizeed47,img(121).jpg,img(197).jpg,img(38).jpg,img(149).jpg,img(190).jpg,img(3).jpg,img(186).jpg,img(86).jpg,img(171).jpg
Agen1965,img(223).jpg,img(132).jpg,img(165).jpg
Herach,img(79).jpg,img(217).jpg,img(105).jpg
Yourlenis,img(208).jpg,img(130).jpg,img(215).jpg
Anistring,img(132).jpg,img(111).jpg,img(209).jpg,img(193).jpg
Yeadeve,img(62).jpg,img(191).jpg,img(74).jpg
Quinabovered,img(1).jpg,img(201).jpg
Parmak88,img(116).jpg,img(173).jpg,img(106).jpg,img(245).jpg,img(85).jpg
Gaidge,img(160).jpg,img(187).jpg,img(130).jpg,img(25).jpg
Chised,img(143).jpg
Expriver,img(178).jpg,img(179).jpg,img(73).jpg,img(110).jpg,img(172).jpg,img(113).jpg
Loon1984,img(98).jpg,img(208).jpg,img(63).jpg,img(66).jpg
Shourring,img(72).jpg,img(200).jpg,img(128).jpg,img(50).jpg,img(110).jpg,img(151).jpg
Therinueng1960,img(181).jpg,img(227).jpg
Gron1960,img(244).jpg,img(47).jpg,img(42).jpg,img(33).jpg,img(218).jpg,img(75).jpg,img(64).jpg
Themply,img(62).jpg,img(245).jpg,img(90).jpg
Baimet,img(39).jpg,img(82).jpg,img(32).jpg,img(163).jpg
Cartand,img(116).jpg,img(75).jpg,img(135).jpg
Therrielf,img(8).jpg,img(223).jpg
Norted,img(236).jpg,img(18).jpg,img(87).jpg,img(27).jpg
Twou1964,img(49).jpg,img(128).jpg,img(172).jpg,img(102).jpg,img(8).jpg,img(167).jpg,img(99).jpg,img(66).jpg,img(135).jpg
Themse,img(210).jpg,img(76).jpg,img(150).jpg
Wriedge,img(84).jpg,img(49).jpg,img(202).jpg,img(160).jpg,img(244).jpg,img(205).jpg,img(102).jpg
Whoube,img(118).jpg,img(42).jpg,img(224).jpg,img(236).jpg,img(148).jpg,img(203).jpg
Whadard,img(213).jpg,img(158).jpg,img(109).jpg,img(155).jpg,img(110).jpg
Higue1967,img(245).jpg
Hisfy1981,img(172).jpg,img(136).jpg,img(66).jpg,img(207).jpg,img(117).jpg
Shaterinew,img(134).jpg,img(153).jpg,img(212).jpg,img(60).jpg,img(180).jpg,img(74).jpg,img(73).jpg
Noure1989,img(236).jpg,img(235).jpg,img(46).jpg
Laustim1960,img(30).jpg
Brohn1989,img(123).jpg,img(228).jpg,img(164).jpg,img(150).jpg,img(78).jpg
Plith1983,img(83).jpg,img(144).jpg,img(113).jpg,img(126).jpg,img(15).jpg,img(203).jpg,img(44).jpg,img(205).jpg,img(80).jpg
Siondonsen,img(212).jpg,img(14).jpg
Vaccom,img(2).jpg,img(157).jpg
Gooked,img(13).jpg,img(7).jpg,img(83).jpg,img(84).jpg,img(20).jpg,img(116).jpg,img(37).jpg
Shich1958,img(201).jpg,img(28).jpg,img(223).jpg,img(146).jpg
Siblens1984,img(184).jpg,img(115).jpg,img(74).jpg,img(18).jpg,img(138).jpg,img(47).jpg,img(228).jpg,img(122).jpg
Spip1972,img(52).jpg,img(173).jpg,img(10).jpg,img(19).jpg,img(82).jpg,img(112).jpg,img(208).jpg,img(75).jpg,img(19).jpg,img(177).jpg
Isne1962,img(226).jpg,img(91).jpg
Whate1954,img(174).jpg,img(27).jpg,img(42).jpg,img(148).jpg,img(223).jpg,img(240).jpg,img(230).jpg,img(146).jpg,img(236).jpg,img(113).jpg
Conifice,img(135).jpg,img(205).jpg,img(131).jpg,img(188).jpg,img(227).jpg,img(12).jpg,img(233).jpg,img(114).jpg,img(25).jpg
Cese1996,img(14).jpg,img(165).jpg,img(206).jpg,img(32).jpg,img(19).jpg,img(103).jpg,img(153).jpg,img(241).jpg,img(161).jpg,img(231).jpg
Warover,img(163).jpg,img(234).jpg,img(42).jpg
Deconsenry1988,img(32).jpg,img(84).jpg,img(36).jpg,img(162).jpg,img(74).jpg,img(22).jpg,img(139).jpg,img(197).jpg,img(127).jpg
Ofas1943,img(245).jpg,img(134).jpg,img(85).jpg,img(209).jpg,img(243).jpg,img(91).jpg,img(54).jpg
Antither,img(16).jpg,img(159).jpg,img(148).jpg,img(174).jpg
Whath1981,img(107).jpg,img(193).jpg,img(112).jpg,img(20).jpg
Ligine,img(143).jpg,img(94).jpg,img(245).jpg,img(208).jpg,img(238).jpg,img(38).jpg
Shis1966,img(91).jpg
Beirst,img(156).jpg,img(238).jpg,img(67).jpg,img(59).jpg,img(204).jpg,img(237).jpg,img(49).jpg,img(226).jpg
Worty1959,img(175).jpg,img(177).jpg,img(236).jpg,img(238).jpg,img(122).jpg,img(102).jpg,img(30).jpg,img(138).jpg,img(170).jpg,img(188).jpg
Flin1996,img(165).jpg
Withey,img(82).jpg,img(102).jpg,img(46).jpg,img(10).jpg
Likence,img(179).jpg,img(145).jpg,img(185).jpg,img(213).jpg,img(13).jpg,img(191).jpg,img(104).jpg,img(231).jpg,img(140).jpg,img(142).jpg
Souldive,img(107).jpg,img(217).jpg,img(1).jpg,img(228).jpg,img(184).jpg,img(206).jpg,img(138).jpg,img(54).jpg,img(107).jpg,img(118).jpg
Gaver1945,img(213).jpg,img(243).jpg,img(72).jpg
Bagalaw,img(45).jpg,img(113).jpg,img(198).jpg,img(91).jpg,img(12).jpg,img(121).jpg,img(25).jpg,img(29).jpg,img(15).jpg,img(31).jpg
Ance2000,img(130).jpg,img(64).jpg
Andeld,img(65).jpg,img(65).jpg,img(199).jpg,img(75).jpg,img(97).jpg,img(177).jpg,img(188).jpg
Goour1944,img(238).jpg,img(31).jpg
Senglat,img(23).jpg,img(121).jpg,img(91).jpg
Grart1958,img(167).jpg,img(52).jpg,img(129).jpg
Befull1993,img(70).jpg,img(105).jpg,img(105).jpg,img(52).jpg,img(183).jpg,img(132).jpg,img(73).jpg,img(85).jpg,img(71).jpg
Aceir1936,img(184).jpg,img(46).jpg
Nind1970,img(52).jpg,img(36).jpg,img(35).jpg,img(185).jpg,img(171).jpg,img(234).jpg,img(9).jpg,img(121).jpg,img(197).jpg,img(103).jpg
Sonstry,img(39).jpg,img(155).jpg,img(212).jpg,img(200).jpg,img(91).jpg,img(227).jpg
Maidne67,img(168).jpg
Marithere,img(222).jpg,img(45).jpg,img(2).jpg,img(43).jpg,img(74).jpg,img(100).jpg,img(5).jpg
Stoo1968,img(171).jpg,img(90).jpg,img(123).jpg,img(73).jpg,img(124).jpg,img(68).jpg,img(2).jpg,img(14).jpg,img(160).jpg
Oldn1961,img(16).jpg,img(134).jpg,img(83).jpg,img(118).jpg,img(38).jpg
Menestor1991,img(125).jpg,img(23).jpg,img(101).jpg,img(78).jpg,img(52).jpg
Prome1946,img(190).jpg,img(148).jpg,img(69).jpg,img(98).jpg,img(6).jpg,img(144).jpg,img(113).jpg,img(184).jpg,img(211).jpg,img(149).jpg
Ardatimen,img(40).jpg,img(101).jpg,img(5).jpg,img(201).jpg,img(157).jpg,img(197).jpg,img(31).jpg,img(86).jpg,img(239).jpg
Tobjew,img(100).jpg,img(218).jpg,img(92).jpg,img(237).jpg,img(15).jpg,img(198).jpg,img(27).jpg,img(237).jpg,img(34).jpg
Folven,img(70).jpg,img(88).jpg,img(241).jpg,img(131).jpg,img(87).jpg,img(124).jpg,img(102).jpg
Muselor,img(41).jpg
Uposee,img(25).jpg
Unked1958,img(26).jpg,img(197).jpg,img(72).jpg,img(37).jpg,img(23).jpg
Saind1967,img(25).jpg,img(113).jpg
Thentell66,img(143).jpg,img(14).jpg,img(110).jpg,img(175).jpg,img(58).jpg
Quarc1995,img(170).jpg,img(216).jpg,img(116).jpg,img(157).jpg,img(132).jpg,img(149).jpg,img(129).jpg,img(97).jpg
Comir1984,img(93).jpg,img(62).jpg,img(10).jpg,img(191).jpg,img(100).jpg,img(91).jpg
Postoomphom,img(125).jpg,img(44).jpg
Areirlse,img(195).jpg,img(171).jpg
Duce1952,img(39).jpg,img(190).jpg,img(156).jpg,img(135).jpg,img(171).jpg,img(41).jpg,img(37).jpg,img(73).jpg,img(21).jpg
Fult1998,img(190).jpg,img(141).jpg,img(150).jpg,img(156).jpg,img(168).jpg,img(170).jpg,img(21).jpg,img(78).jpg,img(198).jpg
Raltals,img(36).jpg,img(175).jpg,img(130).jpg,img(60).jpg,img(209).jpg
Puzed1983,img(156).jpg,img(49).jpg,img(44).jpg,img(203).jpg,img(217).jpg
Antionne,img(115).jpg,img(19).jpg,img(53).jpg,img(243).jpg,img(40).jpg
Harbal,img(66).jpg,img(200).jpg,img(170).jpg,img(41).jpg
Effir1999,img(182).jpg,img(22).jpg,img(162).jpg,img(25).jpg,img(77).jpg,img(225).jpg,img(37).jpg,img(153).jpg
Wasur1944,img(94).jpg,img(126).jpg,img(146).jpg,img(73).jpg,img(103).jpg
Teaks2001,img(104).jpg,img(81).jpg,img(184).jpg,img(187).jpg,img(30).jpg,img(110).jpg,img(13).jpg
Hith1956,img(3).jpg,img(200).jpg,img(185).jpg,img(72).jpg,img(143).jpg,img(100).jpg
Rolong,img(155).jpg
Prou1965,img(164).jpg
Aliers42,img(153).jpg
Ouldemove,img(92).jpg,img(216).jpg
Pervou1981,img(198).jpg,img(162).jpg,img(115).jpg,img(60).jpg,img(32).jpg,img(115).jpg,img(81).jpg,img(234).jpg
Craw1972,img(63).jpg
Hilletty76,img(71).jpg,img(82).jpg,img(245).jpg,img(167).jpg
Clork1971,img(219).jpg,img(231).jpg,img(120).jpg,img(195).jpg,img(123).jpg,img(65).jpg,img(162).jpg,img(30).jpg
Ander1963,img(6).jpg
Dehe1956,img(88).jpg,img(122).jpg,img(75).jpg,img(168).jpg,img(158).jpg,img(41).jpg,img(214).jpg,img(18).jpg,img(214).jpg,img(231).jpg
Ensiony,img(146).jpg,img(135).jpg,img(20).jpg,img(20).jpg
TonÃ¦,img(71).jpg,img(193).jpg
Woothe,img(45).jpg,img(198).jpg,img(51).jpg,img(70).jpg,img(13).jpg
Dayinkic,img(111).jpg,img(224).jpg,img(234).jpg,img(183).jpg,img(76).jpg,img(219).jpg,img(121).jpg,img(216).jpg
Duce1943,img(10).jpg,img(18).jpg,img(169).jpg,img(61).jpg,img(59).jpg,img(189).jpg,img(43).jpg,img(233).jpg,img(86).jpg
Rund2002,img(179).jpg,img(60).jpg,img(242).jpg,img(138).jpg,img(204).jpg
Llostastings,img(23).jpg,img(26).jpg,img(118).jpg,img(191).jpg,img(80).jpg,img(39).jpg,img(130).jpg
Trone1982,img(116).jpg,img(150).jpg,img(118).jpg,img(154).jpg
Arame1978,img(199).jpg,img(143).jpg,img(42).jpg,img(32).jpg,img(48).jpg,img(206).jpg,img(90).jpg,img(63).jpg
Felich,img(94).jpg,img(47).jpg,img(122).jpg,img(200).jpg,img(124).jpg
Leory1986,img(59).jpg,img(214).jpg,img(169).jpg,img(221).jpg,img(205).jpg
Nothome,img(161).jpg,img(179).jpg,img(142).jpg
Suffiever,img(174).jpg,img(49).jpg,img(146).jpg
Andessomeho1981,img(143).jpg,img(125).jpg,img(39).jpg,img(239).jpg,img(132).jpg,img(93).jpg,img(226).jpg
Theigs1971,img(26).jpg,img(29).jpg,img(171).jpg
Dicaparly,img(49).jpg,img(92).jpg,img(209).jpg,img(145).jpg,img(185).jpg,img(2).jpg,img(100).jpg,img(62).jpg,img(221).jpg,img(52).jpg
Andee1991,img(76).jpg,img(61).jpg,img(57).jpg,img(182).jpg,img(134).jpg,img(130).jpg,img(65).jpg,img(88).jpg,img(18).jpg,img(4).jpg
Papsiondtore,img(84).jpg,img(168).jpg,img(100).jpg,img(136).jpg,img(66).jpg
Goacks97,img(153).jpg
Uposecushers,img(218).jpg,img(186).jpg,img(202).jpg,img(193).jpg,img(155).jpg
Douray,img(168).jpg,img(78).jpg,img(156).jpg,img(41).jpg,img(11).jpg,img(217).jpg,img(61).jpg
Acrod1972,img(25).jpg,img(216).jpg,img(107).jpg,img(99).jpg,img(36).jpg
Boyabseut,img(92).jpg,img(45).jpg,img(154).jpg
Therymare,img(235).jpg,img(18).jpg,img(46).jpg,img(194).jpg,img(17).jpg,img(240).jpg,img(143).jpg
Thross,img(58).jpg
Mincerety,img(24).jpg,img(8).jpg,img(14).jpg,img(22).jpg,img(13).jpg
Riseld,img(152).jpg,img(46).jpg,img(124).jpg,img(76).jpg,img(72).jpg,img(20).jpg,img(178).jpg,img(176).jpg,img(230).jpg,img(226).jpg
Fous1962,img(94).jpg,img(33).jpg,img(225).jpg
Promed,img(101).jpg,img(142).jpg,img(139).jpg
Norome,img(151).jpg,img(163).jpg,img(67).jpg,img(11).jpg,img(114).jpg,img(104).jpg
Dooketherver,img(124).jpg,img(214).jpg,img(164).jpg,img(109).jpg,img(229).jpg,img(222).jpg,img(4).jpg,img(241).jpg,img(233).jpg,img(102).jpg
Peress,img(18).jpg,img(29).jpg,img(172).jpg,img(173).jpg,img(206).jpg
Grallot,img(169).jpg,img(123).jpg,img(191).jpg,img(22).jpg,img(110).jpg,img(179).jpg,img(162).jpg,img(37).jpg
Debect,img(200).jpg,img(135).jpg,img(75).jpg
Promp1946,img(62).jpg
Stakinguinks,img(237).jpg,img(215).jpg
Mostanquest,img(65).jpg,img(202).jpg
Inforent,img(62).jpg,img(199).jpg,img(186).jpg
Astondis,img(241).jpg,img(93).jpg,img(44).jpg,img(20).jpg,img(242).jpg,img(43).jpg,img(24).jpg,img(168).jpg,img(197).jpg,img(240).jpg
Allob1980,img(242).jpg,img(163).jpg,img(93).jpg,img(210).jpg,img(97).jpg,img(94).jpg
Evemper,img(112).jpg,img(7).jpg,img(51).jpg,img(129).jpg,img(107).jpg,img(203).jpg,img(48).jpg,img(123).jpg,img(148).jpg,img(18).jpg
Timserly39,img(90).jpg,img(49).jpg,img(41).jpg
Grecelf,img(166).jpg,img(73).jpg,img(93).jpg,img(171).jpg,img(211).jpg,img(121).jpg,img(180).jpg,img(17).jpg
Trisheye,img(111).jpg,img(174).jpg,img(7).jpg,img(62).jpg,img(53).jpg,img(171).jpg,img(88).jpg,img(74).jpg
Olittiony,img(176).jpg,img(227).jpg
Expries,img(236).jpg,img(117).jpg,img(207).jpg,img(117).jpg,img(70).jpg
Beforpeo,img(90).jpg,img(229).jpg
Histat,img(79).jpg,img(42).jpg,img(164).jpg,img(113).jpg
Somill,img(33).jpg,img(213).jpg,img(145).jpg,img(3).jpg
Shisher,img(99).jpg,img(103).jpg
Fortion,img(56).jpg,img(36).jpg,img(116).jpg,img(19).jpg,img(170).jpg,img(4).jpg,img(193).jpg,img(11).jpg,img(209).jpg,img(240).jpg
Challits,img(157).jpg,img(33).jpg,img(46).jpg,img(18).jpg,img(162).jpg,img(43).jpg,img(172).jpg,img(108).jpg
Cablecony,img(14).jpg,img(8).jpg,img(48).jpg,img(22).jpg,img(116).jpg,img(218).jpg
Henceall58,img(30).jpg,img(5).jpg,img(226).jpg,img(112).jpg,img(49).jpg,img(119).jpg,img(146).jpg,img(115).jpg,img(85).jpg,img(124).jpg
Cancell,img(196).jpg,img(166).jpg,img(214).jpg,img(120).jpg,img(10).jpg
Itive1975,img(74).jpg
Thimpare,img(134).jpg,img(84).jpg
Fulach,img(137).jpg,img(111).jpg,img(245).jpg,img(213).jpg,img(124).jpg,img(9).jpg,img(100).jpg,img(131).jpg,img(106).jpg
Wilcorts,img(171).jpg,img(213).jpg,img(196).jpg,img(213).jpg,img(241).jpg,img(64).jpg
Blad1956,img(95).jpg,img(178).jpg,img(86).jpg,img(160).jpg,img(175).jpg,img(75).jpg
Hatook,img(165).jpg,img(231).jpg,img(1).jpg
Shoonce,img(158).jpg,img(67).jpg,img(114).jpg,img(101).jpg
Fourpece,img(99).jpg,img(106).jpg,img(122).jpg,img(63).jpg,img(100).jpg,img(2).jpg,img(55).jpg
Neittle,img(119).jpg,img(66).jpg,img(109).jpg,img(132).jpg,img(12).jpg,img(122).jpg
Berved,img(145).jpg,img(138).jpg,img(180).jpg,img(205).jpg,img(154).jpg,img(240).jpg,img(73).jpg,img(107).jpg,img(85).jpg
Nufforabing48,img(55).jpg,img(193).jpg
Peaske1948,img(47).jpg,img(183).jpg,img(183).jpg,img(79).jpg
Naturawrove,img(245).jpg,img(116).jpg,img(57).jpg,img(22).jpg,img(173).jpg,img(123).jpg,img(100).jpg
Sondere,img(188).jpg,img(182).jpg,img(74).jpg,img(155).jpg,img(109).jpg
Sully1992,img(59).jpg,img(188).jpg,img(234).jpg
Threar1939,img(71).jpg,img(155).jpg
Ongs1975,img(171).jpg,img(4).jpg,img(23).jpg,img(83).jpg,img(190).jpg,img(196).jpg,img(94).jpg,img(45).jpg
Astang1983,img(17).jpg,img(222).jpg,img(193).jpg,img(199).jpg,img(102).jpg,img(92).jpg,img(236).jpg,img(74).jpg,img(124).jpg
Bacturter,img(16).jpg,img(168).jpg,img(200).jpg,img(128).jpg,img(199).jpg,img(51).jpg
Expron,img(118).jpg,img(168).jpg,img(163).jpg,img(209).jpg,img(207).jpg,img(163).jpg,img(245).jpg
Vire1955,img(45).jpg,img(235).jpg,img(40).jpg,img(32).jpg,img(176).jpg,img(159).jpg,img(49).jpg,img(24).jpg,img(140).jpg
Hicave,img(122).jpg,img(16).jpg,img(49).jpg,img(203).jpg,img(96).jpg
Iniently,img(194).jpg,img(16).jpg,img(37).jpg,img(215).jpg,img(12).jpg,img(194).jpg,img(150).jpg,img(162).jpg,img(118).jpg
Therin,img(242).jpg,img(65).jpg
Maddeauttle,img(83).jpg,img(5).jpg,img(126).jpg,img(150).jpg
Siou1972,img(76).jpg,img(186).jpg,img(125).jpg,img(83).jpg
Hinally,img(116).jpg
Dowayll,img(17).jpg,img(163).jpg,img(196).jpg,img(151).jpg,img(237).jpg,img(150).jpg,img(155).jpg,img(19).jpg,img(50).jpg,img(101).jpg
Devents,img(67).jpg,img(78).jpg
Kone1948,img(3).jpg,img(232).jpg,img(157).jpg,img(7).jpg
Whysted,img(127).jpg,img(86).jpg,img(238).jpg
Thishat1946,img(172).jpg
Thoself,img(51).jpg,img(208).jpg,img(148).jpg,img(137).jpg,img(95).jpg
Whentely,img(54).jpg,img(107).jpg,img(213).jpg,img(85).jpg,img(22).jpg
Whot1947,img(145).jpg,img(147).jpg,img(240).jpg,img(37).jpg,img(117).jpg,img(102).jpg,img(138).jpg,img(103).jpg,img(203).jpg,img(182).jpg
Hont1996,img(198).jpg
Hoorne2001,img(142).jpg,img(85).jpg,img(39).jpg,img(191).jpg,img(203).jpg,img(214).jpg
Flized1942,img(141).jpg,img(80).jpg,img(108).jpg
Haterand,img(9).jpg
Cized1978,img(12).jpg,img(9).jpg,img(6).jpg,img(225).jpg,img(107).jpg,img(139).jpg,img(100).jpg,img(6).jpg
Goten1939,img(240).jpg,img(22).jpg,img(168).jpg,img(112).jpg
Broas1993,img(107).jpg,img(228).jpg,img(119).jpg,img(190).jpg,img(184).jpg,img(10).jpg,img(35).jpg,img(133).jpg,img(168).jpg
Advat1978,img(209).jpg,img(145).jpg,img(210).jpg,img(93).jpg,img(47).jpg,img(173).jpg,img(233).jpg,img(65).jpg,img(214).jpg
Withaticking,img(22).jpg,img(36).jpg,img(129).jpg,img(95).jpg,img(16).jpg,img(131).jpg,img(52).jpg,img(224).jpg
Loold1995,img(118).jpg,img(19).jpg,img(164).jpg,img(165).jpg,img(100).jpg,img(12).jpg
Fittle1962,img(101).jpg,img(98).jpg,img(205).jpg
Steme1951,img(13).jpg,img(115).jpg,img(132).jpg
Fornexplas,img(193).jpg,img(64).jpg,img(126).jpg,img(122).jpg,img(67).jpg,img(80).jpg,img(6).jpg,img(241).jpg
Sobjecold,img(175).jpg,img(118).jpg,img(110).jpg
Noulter,img(98).jpg,img(71).jpg,img(4).jpg,img(103).jpg,img(241).jpg,img(133).jpg,img(73).jpg,img(199).jpg,img(58).jpg
Fortand,img(11).jpg,img(143).jpg,img(25).jpg
Nottles,img(26).jpg,img(42).jpg,img(169).jpg,img(75).jpg,img(202).jpg,img(146).jpg,img(166).jpg,img(109).jpg
Saffive1964,img(111).jpg,img(123).jpg,img(234).jpg,img(205).jpg,img(237).jpg,img(122).jpg,img(63).jpg
Becampar,img(159).jpg,img(200).jpg,img(154).jpg,img(217).jpg,img(13).jpg,img(174).jpg,img(81).jpg,img(151).jpg,img(194).jpg
Andeavy,img(164).jpg
Topers,img(49).jpg,img(203).jpg
Anxing1961,img(195).jpg,img(115).jpg,img(49).jpg,img(110).jpg,img(63).jpg,img(6).jpg
Devell,img(17).jpg,img(190).jpg,img(153).jpg
Allem1961,img(156).jpg
Ente1987,img(181).jpg,img(135).jpg,img(146).jpg,img(193).jpg,img(80).jpg,img(30).jpg,img(232).jpg
Tencent,img(33).jpg,img(17).jpg,img(225).jpg
Chou1962,img(56).jpg,img(198).jpg,img(107).jpg,img(182).jpg
Turiettly,img(135).jpg,img(39).jpg,img(211).jpg,img(232).jpg,img(189).jpg,img(73).jpg,img(234).jpg,img(122).jpg,img(206).jpg,img(83).jpg
Expece,img(8).jpg,img(75).jpg,img(30).jpg,img(77).jpg,img(50).jpg,img(128).jpg
Dagothead,img(119).jpg,img(160).jpg,img(98).jpg,img(106).jpg,img(233).jpg,img(183).jpg,img(204).jpg,img(8).jpg,img(194).jpg,img(79).jpg
Youteret,img(66).jpg,img(226).jpg,img(146).jpg,img(66).jpg,img(167).jpg,img(76).jpg,img(24).jpg,img(185).jpg
Ligh1977,img(138).jpg,img(27).jpg,img(85).jpg,img(19).jpg,img(1).jpg,img(96).jpg
Gestany,img(88).jpg,img(86).jpg
Engettly,img(34).jpg,img(21).jpg
Gromed,img(18).jpg,img(48).jpg,img(104).jpg,img(77).jpg,img(157).jpg
Assarat,img(52).jpg,img(156).jpg
Abbecit,img(208).jpg,img(165).jpg
Colestook,img(126).jpg,img(17).jpg,img(161).jpg,img(195).jpg,img(191).jpg,img(82).jpg,img(107).jpg,img(207).jpg,img(207).jpg
Susair,img(233).jpg,img(1).jpg,img(10).jpg
Appidint,img(29).jpg,img(212).jpg,img(148).jpg,img(4).jpg,img(181).jpg,img(169).jpg,img(202).jpg,img(203).jpg
Gandaillon,img(122).jpg,img(226).jpg,img(53).jpg,img(141).jpg,img(123).jpg,img(214).jpg
Andid1970,img(210).jpg,img(86).jpg,img(236).jpg,img(109).jpg,img(225).jpg,img(166).jpg,img(155).jpg,img(152).jpg,img(143).jpg
Huented77,img(141).jpg,img(54).jpg,img(78).jpg,img(159).jpg,img(106).jpg,img(127).jpg,img(176).jpg,img(119).jpg,img(176).jpg,img(237).jpg
Theara,img(202).jpg,img(220).jpg
Buffecaper52,img(81).jpg,img(126).jpg,img(97).jpg
Onew1989,img(100).jpg,img(106).jpg,img(125).jpg,img(184).jpg,img(89).jpg,img(54).jpg,img(132).jpg,img(40).jpg
Abountich43,img(140).jpg,img(202).jpg,img(207).jpg,img(178).jpg,img(195).jpg,img(181).jpg
Onve1959,img(229).jpg,img(189).jpg,img(151).jpg,img(182).jpg,img(197).jpg,img(101).jpg,img(64).jpg
Sontoort,img(65).jpg
Tueret1962,img(197).jpg,img(39).jpg,img(201).jpg,img(137).jpg,img(59).jpg,img(209).jpg,img(179).jpg,img(107).jpg,img(177).jpg
Witelabacter,img(136).jpg,img(163).jpg,img(40).jpg,img(183).jpg,img(221).jpg,img(182).jpg,img(56).jpg,img(177).jpg
Arge1987,img(198).jpg,img(232).jpg,img(236).jpg,img(62).jpg,img(78).jpg,img(82).jpg,img(89).jpg
Prearknot,img(147).jpg,img(245).jpg,img(145).jpg,img(135).jpg
Viance,img(8).jpg,img(187).jpg,img(143).jpg
Lonst1945,img(44).jpg,img(239).jpg,img(194).jpg,img(103).jpg,img(124).jpg,img(8).jpg
Alreme,img(29).jpg,img(77).jpg,img(126).jpg
Ementer,img(108).jpg,img(88).jpg
Ligagmer,img(111).jpg,img(68).jpg,img(153).jpg,img(8).jpg,img(228).jpg
Handentoich,img(179).jpg,img(194).jpg
Abinimbed96,img(196).jpg,img(208).jpg,img(69).jpg,img(244).jpg,img(64).jpg,img(72).jpg,img(21).jpg,img(67).jpg,img(240).jpg,img(109).jpg
Poters,img(72).jpg,img(106).jpg,img(146).jpg,img(66).jpg,img(198).jpg,img(7).jpg,img(135).jpg,img(158).jpg,img(89).jpg,img(29).jpg
Ingre1936,img(167).jpg
Beceents64,img(66).jpg,img(172).jpg,img(56).jpg
Arearomad,img(193).jpg,img(126).jpg
Worythe,img(159).jpg,img(139).jpg,img(38).jpg
Drodste,img(168).jpg,img(175).jpg,img(233).jpg
Shost1945,img(140).jpg,img(18).jpg,img(154).jpg,img(72).jpg
Reptefor,img(114).jpg
Bassiderae,img(12).jpg,img(59).jpg,img(134).jpg,img(134).jpg,img(147).jpg,img(39).jpg,img(153).jpg,img(186).jpg,img(143).jpg,img(14).jpg
Ensly1967,img(227).jpg,img(214).jpg,img(72).jpg,img(75).jpg,img(210).jpg
Andow2001,img(167).jpg,img(79).jpg,img(14).jpg,img(127).jpg,img(163).jpg,img(141).jpg,img(225).jpg,img(155).jpg,img(191).jpg
Proodents,img(144).jpg,img(245).jpg,img(203).jpg,img(61).jpg,img(117).jpg,img(186).jpg,img(14).jpg,img(146).jpg
robadobbob,img(214).jpg,img(2).jpg,img(95).jpg,img(152).jpg,img(238).jpg
robadobbob
