Username,Email,First Name,Last Name,Password
Ablion73,JohnJStahl@superrito.com,John,Stahl,ieV3waef
Winglersen1989,VernonAYoung@superrito.com,Vernon,Young,Aivuwo8eiv
Thithe,GeneCRodriguez@dayrep.com,Gene,Rodriguez,Phaeti1choo
Wrove1935,WilliamCDupre@armyspy.com,William,Dupre,ohZ6roo7
Kning1982,WalterVHerndon@cuvox.de,Walter,Herndon,pai8iuj2iL
Whimseeplis,JodiCWorrell@fleckens.hu,Jodi,Worrell,Ow0phaqu
Locies,SuzanneGMcClellan@fleckens.hu,Suzanne,McClellan,AesefieM4
Somprood,BelindaBMatos@superrito.com,Belinda,Matos,Quee7aesa
Giarturner,KathyRMatthews@gustr.com,Kathy,Matthews,Thothei4oh
Drand1943,DaraRHawkins@armyspy.com,Dara,Hawkins,eeb5hi0keisuuC
Theyear,ShayNWurster@dayrep.com,Shay,Wurster,OhB2eeMei
Witive,FloraCGriffin@rhyta.com,Flora,Griffin,Iexohb3guuP
Ristraid,BettyJDuarte@superrito.com,Betty,Duarte,mahjo8jehiGh
Dideas85,ZeldaWStark@cuvox.de,Zelda,Stark,eiS6eeph
Milloon,LeroyDRios@rhyta.com,Leroy,Rios,noaPoe6egh
Calasts53,RudolphSSmith@cuvox.de,Rudolph,Smith,eeG1fior0g
Usithed66,SeleneDLund@einrot.com,Selene,Lund,Eexaibai2oi
Marknow,GeorgeNSchreiber@cuvox.de,George,Schreiber,ahV7fee2Nai7
Feck1968,DylanSFrazier@fleckens.hu,Dylan,Frazier,asheem7Oo
Suchown,CarolTMadigan@cuvox.de,Carol,Madigan,oxahPh5ooqu
Thensted,MaryBWeiss@superrito.com,Mary,Weiss,Aeh4Ucohsh
Crinsonast1984,VirginiaGBaker@gustr.com,Virginia,Baker,ceefiom3Ey8
Weaught,MariaAPace@dayrep.com,Maria,Pace,aid1eiToh
Weververnly,PatriciaWWhittaker@rhyta.com,Patricia,Whittaker,Aevohyiul8ae
Trumsess1943,EdwardKKirkland@cuvox.de,Edward,Kirkland,ia0Leik3
Bods1940,KathleenJTaylor@gustr.com,Kathleen,Taylor,iX1ze0Gah
Facepow,JohnGRose@rhyta.com,John,Rose,jeiSh7uch
Gaveressake,MaryRMabry@rhyta.com,Mary,Mabry,hoh8quoV5f
Careekeres,RebeccaGBallweg@superrito.com,Rebecca,Ballweg,ohyeech6iePh
Togand,HaroldMFloyd@jourrapide.com,Harold,Floyd,mi3aixei8A
Hadet1965,EdwardARobinson@gustr.com,Edward,Robinson,rahTh7chingae
Carther1949,ChadEHolmes@fleckens.hu,Chad,Holmes,ooWeo3ro
Hiserus,EdwardCSisler@rhyta.com,Edward,Sisler,be3Emeedii1yee
Swentorme1935,SaraFNusbaum@teleworm.us,Sara,Nusbaum,Piehahmaew9
Cathery,ThelmaBColes@teleworm.us,Thelma,Coles,iCee8ooWee
Sups1944,ViolaDAkins@gustr.com,Viola,Akins,beiTh5ux
Wilegire1937,ChristopherSDavidson@teleworm.us,Christopher,Davidson,eegheeQu6hie
Thetting,BettyGHawkins@cuvox.de,Betty,Hawkins,aingi0aoHoh
Hurs1997,BonnieHBeaulieu@superrito.com,Bonnie,Beaulieu,oomai6maeL
Goiderearsur,MarthaMSchultz@jourrapide.com,Martha,Schultz,Eigojohng2
Thdow1971,StacyCRichards@gustr.com,Stacy,Richards,Vu2leejoh7oh
Horgy1990,TheresaCHargrave@teleworm.us,Theresa,Hargrave,ahw3phohFoov
Sequith,JamesJHoughton@jourrapide.com,James,Houghton,dieYo0iaghoh
Myseat,SusanRSanders@einrot.com,Susan,Sanders,zooPh4phael
Slogummid,DianeDGiles@dayrep.com,Diane,Giles,duL6atu5
Sone1983,RoyKWilson@fleckens.hu,Roy,Wilson,neegahK7Ie
Whatithas,DonellaJPratt@jourrapide.com,Donella,Pratt,ZeeGhohsh0
Arman1992,GabrielleCRichardson@superrito.com,Gabrielle,Richardson,ohquoo4Oh
alexabarra,alexandrubara2000@gmail.com,ALEXANDRU,BARA,qazwsxedc123
